,date,store,item,sales,year,month,day,weekday
0,2016-12-01,1,1,13,2016,12,1,3
1,2016-12-02,1,1,11,2016,12,2,4
2,2016-12-03,1,1,14,2016,12,3,5
3,2016-12-04,1,1,13,2016,12,4,6
4,2016-12-05,1,1,10,2016,12,5,7
5,2016-12-06,1,1,12,2016,12,6,1
6,2016-12-07,1,1,10,2016,12,7,2
7,2016-12-08,1,1,9,2016,12,8,3
8,2016-12-09,1,1,12,2016,12,9,4
9,2016-12-10,1,1,9,2016,12,10,5
10,2016-12-11,1,1,9,2016,12,11,6
11,2016-12-12,1,1,7,2016,12,12,7
12,2016-12-13,1,1,10,2016,12,13,1
13,2016-12-14,1,1,12,2016,12,14,2
14,2016-12-15,1,1,5,2016,12,15,3
15,2016-12-16,1,1,7,2016,12,16,4
16,2016-12-17,1,1,16,2016,12,17,5
17,2016-12-18,1,1,7,2016,12,18,6
18,2016-12-19,1,1,18,2016,12,19,7
19,2016-12-20,1,1,15,2016,12,20,1
20,2016-12-21,1,1,8,2016,12,21,2
21,2016-12-22,1,1,7,2016,12,22,3
22,2016-12-23,1,1,9,2016,12,23,4
23,2016-12-24,1,1,8,2016,12,24,5
24,2016-12-25,1,1,14,2016,12,25,6
25,2016-12-26,1,1,12,2016,12,26,7
26,2016-12-27,1,1,12,2016,12,27,1
27,2016-12-28,1,1,11,2016,12,28,2
28,2016-12-29,1,1,6,2016,12,29,3
29,2016-12-30,1,1,9,2016,12,30,4
30,2016-12-31,1,1,13,2016,12,31,5
31,2017-01-01,1,1,11,2017,1,1,6
32,2017-01-02,1,1,21,2017,1,2,7
33,2017-01-03,1,1,15,2017,1,3,1
34,2017-01-04,1,1,14,2017,1,4,2
35,2017-01-05,1,1,9,2017,1,5,3
36,2017-01-06,1,1,10,2017,1,6,4
37,2017-01-07,1,1,13,2017,1,7,5
38,2017-01-08,1,1,11,2017,1,8,6
39,2017-01-09,1,1,14,2017,1,9,7
40,2017-01-10,1,1,11,2017,1,10,1
41,2017-01-11,1,1,16,2017,1,11,2
42,2017-01-12,1,1,11,2017,1,12,3
43,2017-01-13,1,1,14,2017,1,13,4
44,2017-01-14,1,1,10,2017,1,14,5
45,2017-01-15,1,1,11,2017,1,15,6
46,2017-01-16,1,1,7,2017,1,16,7
47,2017-01-17,1,1,11,2017,1,17,1
48,2017-01-18,1,1,10,2017,1,18,2
49,2017-01-19,1,1,10,2017,1,19,3
50,2017-01-20,1,1,7,2017,1,20,4
51,2017-01-21,1,1,13,2017,1,21,5
52,2017-01-22,1,1,12,2017,1,22,6
53,2017-01-23,1,1,15,2017,1,23,7
54,2017-01-24,1,1,11,2017,1,24,1
55,2017-01-25,1,1,7,2017,1,25,2
56,2017-01-26,1,1,9,2017,1,26,3
57,2017-01-27,1,1,9,2017,1,27,4
58,2017-01-28,1,1,10,2017,1,28,5
59,2017-01-29,1,1,15,2017,1,29,6
60,2017-01-30,1,1,13,2017,1,30,7
61,2017-01-31,1,1,20,2017,1,31,1
62,2017-02-01,1,1,14,2017,2,1,2
63,2017-02-02,1,1,13,2017,2,2,3
64,2017-02-03,1,1,17,2017,2,3,4
65,2017-02-04,1,1,11,2017,2,4,5
66,2017-02-05,1,1,15,2017,2,5,6
67,2017-02-06,1,1,16,2017,2,6,7
68,2017-02-07,1,1,11,2017,2,7,1
69,2017-02-08,1,1,18,2017,2,8,2
70,2017-02-09,1,1,14,2017,2,9,3
71,2017-02-10,1,1,13,2017,2,10,4
72,2017-02-11,1,1,10,2017,2,11,5
73,2017-02-12,1,1,14,2017,2,12,6
74,2017-02-13,1,1,10,2017,2,13,7
75,2017-02-14,1,1,22,2017,2,14,1
76,2017-02-15,1,1,11,2017,2,15,2
77,2017-02-16,1,1,19,2017,2,16,3
78,2017-02-17,1,1,14,2017,2,17,4
79,2017-02-18,1,1,17,2017,2,18,5
80,2017-02-19,1,1,21,2017,2,19,6
81,2017-02-20,1,1,21,2017,2,20,7
82,2017-02-21,1,1,19,2017,2,21,1
83,2017-02-22,1,1,13,2017,2,22,2
84,2017-02-23,1,1,16,2017,2,23,3
85,2017-02-24,1,1,11,2017,2,24,4
86,2017-02-25,1,1,13,2017,2,25,5
87,2017-02-26,1,1,17,2017,2,26,6
88,2017-02-27,1,1,19,2017,2,27,7
89,2017-02-28,1,1,20,2017,2,28,1
90,2017-03-01,1,1,11,2017,3,1,2
91,2017-03-02,1,1,19,2017,3,2,3
92,2017-03-03,1,1,24,2017,3,3,4
93,2017-03-04,1,1,18,2017,3,4,5
94,2017-03-05,1,1,19,2017,3,5,6
95,2017-03-06,1,1,23,2017,3,6,7
96,2017-03-07,1,1,17,2017,3,7,1
97,2017-03-08,1,1,19,2017,3,8,2
98,2017-03-09,1,1,13,2017,3,9,3
99,2017-03-10,1,1,19,2017,3,10,4
100,2017-03-11,1,1,16,2017,3,11,5
101,2017-03-12,1,1,18,2017,3,12,6
102,2017-03-13,1,1,17,2017,3,13,7
103,2017-03-14,1,1,26,2017,3,14,1
104,2017-03-15,1,1,14,2017,3,15,2
105,2017-03-16,1,1,9,2017,3,16,3
106,2017-03-17,1,1,17,2017,3,17,4
107,2017-03-18,1,1,21,2017,3,18,5
108,2017-03-19,1,1,22,2017,3,19,6
109,2017-03-20,1,1,22,2017,3,20,7
110,2017-03-21,1,1,20,2017,3,21,1
111,2017-03-22,1,1,13,2017,3,22,2
112,2017-03-23,1,1,11,2017,3,23,3
113,2017-03-24,1,1,13,2017,3,24,4
114,2017-03-25,1,1,14,2017,3,25,5
115,2017-03-26,1,1,20,2017,3,26,6
116,2017-03-27,1,1,22,2017,3,27,7
117,2017-03-28,1,1,19,2017,3,28,1
118,2017-03-29,1,1,11,2017,3,29,2
119,2017-03-30,1,1,15,2017,3,30,3
120,2017-03-31,1,1,16,2017,3,31,4
121,2017-04-01,1,1,23,2017,4,1,5
122,2017-04-02,1,1,22,2017,4,2,6
123,2017-04-03,1,1,20,2017,4,3,7
124,2017-04-04,1,1,14,2017,4,4,1
125,2017-04-05,1,1,14,2017,4,5,2
126,2017-04-06,1,1,15,2017,4,6,3
127,2017-04-07,1,1,14,2017,4,7,4
128,2017-04-08,1,1,11,2017,4,8,5
129,2017-04-09,1,1,16,2017,4,9,6
130,2017-04-10,1,1,19,2017,4,10,7
131,2017-04-11,1,1,13,2017,4,11,1
132,2017-04-12,1,1,9,2017,4,12,2
133,2017-04-13,1,1,13,2017,4,13,3
134,2017-04-14,1,1,16,2017,4,14,4
135,2017-04-15,1,1,15,2017,4,15,5
136,2017-04-16,1,1,16,2017,4,16,6
137,2017-04-17,1,1,20,2017,4,17,7
138,2017-04-18,1,1,19,2017,4,18,1
139,2017-04-19,1,1,14,2017,4,19,2
140,2017-04-20,1,1,24,2017,4,20,3
141,2017-04-21,1,1,23,2017,4,21,4
142,2017-04-22,1,1,14,2017,4,22,5
143,2017-04-23,1,1,24,2017,4,23,6
144,2017-04-24,1,1,25,2017,4,24,7
145,2017-04-25,1,1,27,2017,4,25,1
146,2017-04-26,1,1,7,2017,4,26,2
147,2017-04-27,1,1,12,2017,4,27,3
148,2017-04-28,1,1,10,2017,4,28,4
149,2017-04-29,1,1,19,2017,4,29,5
150,2017-04-30,1,1,27,2017,4,30,6
151,2017-05-01,1,1,26,2017,5,1,7
152,2017-05-02,1,1,22,2017,5,2,1
153,2017-05-03,1,1,12,2017,5,3,2
154,2017-05-04,1,1,15,2017,5,4,3
155,2017-05-05,1,1,24,2017,5,5,4
156,2017-05-06,1,1,9,2017,5,6,5
157,2017-05-07,1,1,21,2017,5,7,6
158,2017-05-08,1,1,20,2017,5,8,7
159,2017-05-09,1,1,38,2017,5,9,1
160,2017-05-10,1,1,20,2017,5,10,2
161,2017-05-11,1,1,18,2017,5,11,3
162,2017-05-12,1,1,22,2017,5,12,4
163,2017-05-13,1,1,21,2017,5,13,5
164,2017-05-14,1,1,22,2017,5,14,6
165,2017-05-15,1,1,26,2017,5,15,7
166,2017-05-16,1,1,23,2017,5,16,1
167,2017-05-17,1,1,13,2017,5,17,2
168,2017-05-18,1,1,21,2017,5,18,3
169,2017-05-19,1,1,18,2017,5,19,4
170,2017-05-20,1,1,24,2017,5,20,5
171,2017-05-21,1,1,19,2017,5,21,6
172,2017-05-22,1,1,23,2017,5,22,7
173,2017-05-23,1,1,24,2017,5,23,1
174,2017-05-24,1,1,17,2017,5,24,2
175,2017-05-25,1,1,21,2017,5,25,3
176,2017-05-26,1,1,21,2017,5,26,4
177,2017-05-27,1,1,26,2017,5,27,5
178,2017-05-28,1,1,17,2017,5,28,6
179,2017-05-29,1,1,20,2017,5,29,7
180,2017-05-30,1,1,24,2017,5,30,1
181,2017-05-31,1,1,23,2017,5,31,2
182,2017-06-01,1,1,17,2017,6,1,3
183,2017-06-02,1,1,12,2017,6,2,4
184,2017-06-03,1,1,24,2017,6,3,5
185,2017-06-04,1,1,17,2017,6,4,6
186,2017-06-05,1,1,16,2017,6,5,7
187,2017-06-06,1,1,34,2017,6,6,1
188,2017-06-07,1,1,20,2017,6,7,2
189,2017-06-08,1,1,23,2017,6,8,3
190,2017-06-09,1,1,14,2017,6,9,4
191,2017-06-10,1,1,25,2017,6,10,5
192,2017-06-11,1,1,29,2017,6,11,6
193,2017-06-12,1,1,22,2017,6,12,7
194,2017-06-13,1,1,29,2017,6,13,1
195,2017-06-14,1,1,18,2017,6,14,2
196,2017-06-15,1,1,12,2017,6,15,3
197,2017-06-16,1,1,16,2017,6,16,4
198,2017-06-17,1,1,21,2017,6,17,5
199,2017-06-18,1,1,25,2017,6,18,6
200,2017-06-19,1,1,25,2017,6,19,7
201,2017-06-20,1,1,26,2017,6,20,1
202,2017-06-21,1,1,18,2017,6,21,2
203,2017-06-22,1,1,17,2017,6,22,3
204,2017-06-23,1,1,21,2017,6,23,4
205,2017-06-24,1,1,21,2017,6,24,5
206,2017-06-25,1,1,31,2017,6,25,6
207,2017-06-26,1,1,19,2017,6,26,7
208,2017-06-27,1,1,25,2017,6,27,1
209,2017-06-28,1,1,8,2017,6,28,2
210,2017-06-29,1,1,26,2017,6,29,3
211,2017-06-30,1,1,27,2017,6,30,4
212,2017-07-01,1,1,21,2017,7,1,5
213,2017-07-02,1,1,19,2017,7,2,6
214,2017-07-03,1,1,24,2017,7,3,7
215,2017-07-04,1,1,26,2017,7,4,1
216,2017-07-05,1,1,17,2017,7,5,2
217,2017-07-06,1,1,10,2017,7,6,3
218,2017-07-07,1,1,25,2017,7,7,4
219,2017-07-08,1,1,20,2017,7,8,5
220,2017-07-09,1,1,19,2017,7,9,6
221,2017-07-10,1,1,22,2017,7,10,7
222,2017-07-11,1,1,25,2017,7,11,1
223,2017-07-12,1,1,10,2017,7,12,2
224,2017-07-13,1,1,11,2017,7,13,3
225,2017-07-14,1,1,19,2017,7,14,4
226,2017-07-15,1,1,22,2017,7,15,5
227,2017-07-16,1,1,15,2017,7,16,6
228,2017-07-17,1,1,29,2017,7,17,7
229,2017-07-18,1,1,27,2017,7,18,1
230,2017-07-19,1,1,11,2017,7,19,2
231,2017-07-20,1,1,15,2017,7,20,3
232,2017-07-21,1,1,20,2017,7,21,4
233,2017-07-22,1,1,20,2017,7,22,5
234,2017-07-23,1,1,19,2017,7,23,6
235,2017-07-24,1,1,19,2017,7,24,7
236,2017-07-25,1,1,23,2017,7,25,1
237,2017-07-26,1,1,11,2017,7,26,2
238,2017-07-27,1,1,16,2017,7,27,3
239,2017-07-28,1,1,20,2017,7,28,4
240,2017-07-29,1,1,14,2017,7,29,5
241,2017-07-30,1,1,20,2017,7,30,6
242,2017-07-31,1,1,25,2017,7,31,7
243,2017-08-01,1,1,25,2017,8,1,1
244,2017-08-02,1,1,10,2017,8,2,2
245,2017-08-03,1,1,16,2017,8,3,3
246,2017-08-04,1,1,10,2017,8,4,4
247,2017-08-05,1,1,16,2017,8,5,5
248,2017-08-06,1,1,20,2017,8,6,6
249,2017-08-07,1,1,20,2017,8,7,7
250,2017-08-08,1,1,19,2017,8,8,1
251,2017-08-09,1,1,15,2017,8,9,2
252,2017-08-10,1,1,17,2017,8,10,3
253,2017-08-11,1,1,26,2017,8,11,4
254,2017-08-12,1,1,14,2017,8,12,5
255,2017-08-13,1,1,16,2017,8,13,6
256,2017-08-14,1,1,27,2017,8,14,7
257,2017-08-15,1,1,14,2017,8,15,1
258,2017-08-16,1,1,16,2017,8,16,2
259,2017-08-17,1,1,20,2017,8,17,3
260,2017-08-18,1,1,18,2017,8,18,4
261,2017-08-19,1,1,16,2017,8,19,5
262,2017-08-20,1,1,11,2017,8,20,6
263,2017-08-21,1,1,13,2017,8,21,7
264,2017-08-22,1,1,16,2017,8,22,1
265,2017-08-23,1,1,18,2017,8,23,2
266,2017-08-24,1,1,14,2017,8,24,3
267,2017-08-25,1,1,17,2017,8,25,4
268,2017-08-26,1,1,20,2017,8,26,5
269,2017-08-27,1,1,22,2017,8,27,6
270,2017-08-28,1,1,13,2017,8,28,7
271,2017-08-29,1,1,20,2017,8,29,1
272,2017-08-30,1,1,20,2017,8,30,2
273,2017-08-31,1,1,12,2017,8,31,3
274,2017-09-01,1,1,11,2017,9,1,4
275,2017-09-02,1,1,14,2017,9,2,5
276,2017-09-03,1,1,14,2017,9,3,6
277,2017-09-04,1,1,14,2017,9,4,7
278,2017-09-05,1,1,20,2017,9,5,1
279,2017-09-06,1,1,13,2017,9,6,2
280,2017-09-07,1,1,13,2017,9,7,3
281,2017-09-08,1,1,14,2017,9,8,4
282,2017-09-09,1,1,20,2017,9,9,5
283,2017-09-10,1,1,17,2017,9,10,6
284,2017-09-11,1,1,17,2017,9,11,7
285,2017-09-12,1,1,20,2017,9,12,1
286,2017-09-13,1,1,15,2017,9,13,2
287,2017-09-14,1,1,15,2017,9,14,3
288,2017-09-15,1,1,15,2017,9,15,4
289,2017-09-16,1,1,10,2017,9,16,5
290,2017-09-17,1,1,10,2017,9,17,6
291,2017-09-18,1,1,18,2017,9,18,7
292,2017-09-19,1,1,25,2017,9,19,1
293,2017-09-20,1,1,13,2017,9,20,2
294,2017-09-21,1,1,11,2017,9,21,3
295,2017-09-22,1,1,16,2017,9,22,4
296,2017-09-23,1,1,17,2017,9,23,5
297,2017-09-24,1,1,18,2017,9,24,6
298,2017-09-25,1,1,19,2017,9,25,7
299,2017-09-26,1,1,14,2017,9,26,1
300,2017-09-27,1,1,11,2017,9,27,2
301,2017-09-28,1,1,17,2017,9,28,3
302,2017-09-29,1,1,20,2017,9,29,4
303,2017-09-30,1,1,21,2017,9,30,5
304,2017-10-01,1,1,20,2017,10,1,6
305,2017-10-02,1,1,24,2017,10,2,7
306,2017-10-03,1,1,19,2017,10,3,1
307,2017-10-04,1,1,12,2017,10,4,2
308,2017-10-05,1,1,20,2017,10,5,3
309,2017-10-06,1,1,16,2017,10,6,4
310,2017-10-07,1,1,17,2017,10,7,5
311,2017-10-08,1,1,22,2017,10,8,6
312,2017-10-09,1,1,18,2017,10,9,7
313,2017-10-10,1,1,23,2017,10,10,1
314,2017-10-11,1,1,16,2017,10,11,2
315,2017-10-12,1,1,20,2017,10,12,3
316,2017-10-13,1,1,20,2017,10,13,4
317,2017-10-14,1,1,9,2017,10,14,5
318,2017-10-15,1,1,18,2017,10,15,6
319,2017-10-16,1,1,13,2017,10,16,7
320,2017-10-17,1,1,17,2017,10,17,1
321,2017-10-18,1,1,17,2017,10,18,2
322,2017-10-19,1,1,18,2017,10,19,3
323,2017-10-20,1,1,17,2017,10,20,4
324,2017-10-21,1,1,16,2017,10,21,5
325,2017-10-22,1,1,17,2017,10,22,6
326,2017-10-23,1,1,31,2017,10,23,7
327,2017-10-24,1,1,20,2017,10,24,1
328,2017-10-25,1,1,16,2017,10,25,2
329,2017-10-26,1,1,25,2017,10,26,3
330,2017-10-27,1,1,25,2017,10,27,4
331,2017-10-28,1,1,17,2017,10,28,5
332,2017-10-29,1,1,19,2017,10,29,6
333,2017-10-30,1,1,30,2017,10,30,7
334,2017-10-31,1,1,16,2017,10,31,1
335,2017-11-01,1,1,8,2017,11,1,2
336,2017-11-02,1,1,21,2017,11,2,3
337,2017-11-03,1,1,6,2017,11,3,4
338,2017-11-04,1,1,13,2017,11,4,5
339,2017-11-05,1,1,15,2017,11,5,6
340,2017-11-06,1,1,17,2017,11,6,7
341,2017-11-07,1,1,17,2017,11,7,1
342,2017-11-08,1,1,8,2017,11,8,2
343,2017-11-09,1,1,14,2017,11,9,3
344,2017-11-10,1,1,7,2017,11,10,4
345,2017-11-11,1,1,5,2017,11,11,5
346,2017-11-12,1,1,13,2017,11,12,6
347,2017-11-13,1,1,16,2017,11,13,7
348,2017-11-14,1,1,15,2017,11,14,1
349,2017-11-15,1,1,15,2017,11,15,2
350,2017-11-16,1,1,8,2017,11,16,3
351,2017-11-17,1,1,18,2017,11,17,4
352,2017-11-18,1,1,7,2017,11,18,5
353,2017-11-19,1,1,13,2017,11,19,6
354,2017-11-20,1,1,11,2017,11,20,7
355,2017-11-21,1,1,9,2017,11,21,1
356,2017-11-22,1,1,8,2017,11,22,2
357,2017-11-23,1,1,17,2017,11,23,3
358,2017-11-24,1,1,6,2017,11,24,4
359,2017-11-25,1,1,16,2017,11,25,5
360,2017-11-26,1,1,18,2017,11,26,6
361,2017-11-27,1,1,17,2017,11,27,7
362,2017-11-28,1,1,14,2017,11,28,1
363,2017-11-29,1,1,5,2017,11,29,2
364,2017-11-30,1,1,15,2017,11,30,3
365,2017-12-01,1,1,9,2017,12,1,4
366,2017-12-02,1,1,14,2017,12,2,5
367,2017-12-03,1,1,11,2017,12,3,6
368,2017-12-04,1,1,20,2017,12,4,7
369,2017-12-05,1,1,17,2017,12,5,1
370,2017-12-06,1,1,14,2017,12,6,2
371,2017-12-07,1,1,11,2017,12,7,3
372,2017-12-08,1,1,12,2017,12,8,4
373,2017-12-09,1,1,17,2017,12,9,5
374,2017-12-10,1,1,12,2017,12,10,6
375,2017-12-11,1,1,17,2017,12,11,7
376,2017-12-12,1,1,12,2017,12,12,1
377,2017-12-13,1,1,12,2017,12,13,2
378,2017-12-14,1,1,17,2017,12,14,3
379,2017-12-15,1,1,17,2017,12,15,4
380,2017-12-16,1,1,15,2017,12,16,5
381,2017-12-17,1,1,18,2017,12,17,6
382,2017-12-18,1,1,15,2017,12,18,7
383,2017-12-19,1,1,12,2017,12,19,1
384,2017-12-20,1,1,6,2017,12,20,2
385,2017-12-21,1,1,7,2017,12,21,3
386,2017-12-22,1,1,21,2017,12,22,4
387,2017-12-23,1,1,18,2017,12,23,5
388,2017-12-24,1,1,18,2017,12,24,6
389,2017-12-25,1,1,21,2017,12,25,7
390,2017-12-26,1,1,16,2017,12,26,1
391,2017-12-27,1,1,8,2017,12,27,2
392,2017-12-28,1,1,6,2017,12,28,3
393,2017-12-29,1,1,13,2017,12,29,4
394,2017-12-30,1,1,11,2017,12,30,5
395,2017-12-31,1,1,18,2017,12,31,6
396,2018-01-01,1,1,13,2018,1,1,7
397,2018-01-02,1,1,16,2018,1,2,1
398,2018-01-03,1,1,10,2018,1,3,2
399,2018-01-04,1,1,9,2018,1,4,3
400,2018-01-05,1,1,21,2018,1,5,4
401,2018-01-06,1,1,17,2018,1,6,5
402,2018-01-07,1,1,15,2018,1,7,6
403,2018-01-08,1,1,15,2018,1,8,7
404,2018-01-09,1,1,18,2018,1,9,1
405,2018-01-10,1,1,10,2018,1,10,2
406,2018-01-11,1,1,10,2018,1,11,3
407,2018-01-12,1,1,9,2018,1,12,4
408,2018-01-13,1,1,22,2018,1,13,5
409,2018-01-14,1,1,20,2018,1,14,6
410,2018-01-15,1,1,20,2018,1,15,7
411,2018-01-16,1,1,13,2018,1,16,1
412,2018-01-17,1,1,11,2018,1,17,2
413,2018-01-18,1,1,11,2018,1,18,3
414,2018-01-19,1,1,16,2018,1,19,4
415,2018-01-20,1,1,19,2018,1,20,5
416,2018-01-21,1,1,16,2018,1,21,6
417,2018-01-22,1,1,17,2018,1,22,7
418,2018-01-23,1,1,13,2018,1,23,1
419,2018-01-24,1,1,7,2018,1,24,2
420,2018-01-25,1,1,14,2018,1,25,3
421,2018-01-26,1,1,17,2018,1,26,4
422,2018-01-27,1,1,10,2018,1,27,5
423,2018-01-28,1,1,16,2018,1,28,6
424,2018-01-29,1,1,20,2018,1,29,7
425,2018-01-30,1,1,15,2018,1,30,1
426,2018-01-31,1,1,12,2018,1,31,2
427,2018-02-01,1,1,11,2018,2,1,3
428,2018-02-02,1,1,18,2018,2,2,4
429,2018-02-03,1,1,19,2018,2,3,5
430,2018-02-04,1,1,21,2018,2,4,6
431,2018-02-05,1,1,14,2018,2,5,7
432,2018-02-06,1,1,21,2018,2,6,1
433,2018-02-07,1,1,13,2018,2,7,2
434,2018-02-08,1,1,14,2018,2,8,3
435,2018-02-09,1,1,24,2018,2,9,4
436,2018-02-10,1,1,17,2018,2,10,5
437,2018-02-11,1,1,16,2018,2,11,6
438,2018-02-12,1,1,22,2018,2,12,7
439,2018-02-13,1,1,31,2018,2,13,1
440,2018-02-14,1,1,19,2018,2,14,2
441,2018-02-15,1,1,17,2018,2,15,3
442,2018-02-16,1,1,24,2018,2,16,4
443,2018-02-17,1,1,21,2018,2,17,5
444,2018-02-18,1,1,18,2018,2,18,6
445,2018-02-19,1,1,20,2018,2,19,7
446,2018-02-20,1,1,25,2018,2,20,1
447,2018-02-21,1,1,4,2018,2,21,2
448,2018-02-22,1,1,15,2018,2,22,3
449,2018-02-23,1,1,17,2018,2,23,4
450,2018-02-24,1,1,17,2018,2,24,5
451,2018-02-25,1,1,16,2018,2,25,6
452,2018-02-26,1,1,18,2018,2,26,7
453,2018-02-27,1,1,15,2018,2,27,1
454,2018-02-28,1,1,15,2018,2,28,2
455,2018-03-01,1,1,19,2018,3,1,3
456,2018-03-02,1,1,11,2018,3,2,4
457,2018-03-03,1,1,16,2018,3,3,5
458,2018-03-04,1,1,17,2018,3,4,6
459,2018-03-05,1,1,21,2018,3,5,7
460,2018-03-06,1,1,26,2018,3,6,1
461,2018-03-07,1,1,19,2018,3,7,2
462,2018-03-08,1,1,19,2018,3,8,3
463,2018-03-09,1,1,20,2018,3,9,4
464,2018-03-10,1,1,18,2018,3,10,5
465,2018-03-11,1,1,23,2018,3,11,6
466,2018-03-12,1,1,19,2018,3,12,7
467,2018-03-13,1,1,22,2018,3,13,1
468,2018-03-14,1,1,20,2018,3,14,2
469,2018-03-15,1,1,22,2018,3,15,3
470,2018-03-16,1,1,20,2018,3,16,4
471,2018-03-17,1,1,18,2018,3,17,5
472,2018-03-18,1,1,20,2018,3,18,6
473,2018-03-19,1,1,22,2018,3,19,7
474,2018-03-20,1,1,22,2018,3,20,1
475,2018-03-21,1,1,17,2018,3,21,2
476,2018-03-22,1,1,12,2018,3,22,3
477,2018-03-23,1,1,16,2018,3,23,4
478,2018-03-24,1,1,25,2018,3,24,5
479,2018-03-25,1,1,22,2018,3,25,6
480,2018-03-26,1,1,21,2018,3,26,7
481,2018-03-27,1,1,20,2018,3,27,1
482,2018-03-28,1,1,15,2018,3,28,2
483,2018-03-29,1,1,18,2018,3,29,3
484,2018-03-30,1,1,13,2018,3,30,4
485,2018-03-31,1,1,22,2018,3,31,5
486,2018-04-01,1,1,19,2018,4,1,6
487,2018-04-02,1,1,22,2018,4,2,7
488,2018-04-03,1,1,23,2018,4,3,1
489,2018-04-04,1,1,21,2018,4,4,2
490,2018-04-05,1,1,19,2018,4,5,3
491,2018-04-06,1,1,21,2018,4,6,4
492,2018-04-07,1,1,15,2018,4,7,5
493,2018-04-08,1,1,18,2018,4,8,6
494,2018-04-09,1,1,16,2018,4,9,7
495,2018-04-10,1,1,27,2018,4,10,1
496,2018-04-11,1,1,16,2018,4,11,2
497,2018-04-12,1,1,22,2018,4,12,3
498,2018-04-13,1,1,21,2018,4,13,4
499,2018-04-14,1,1,22,2018,4,14,5
500,2018-04-15,1,1,23,2018,4,15,6
501,2018-04-16,1,1,18,2018,4,16,7
502,2018-04-17,1,1,36,2018,4,17,1
503,2018-04-18,1,1,12,2018,4,18,2
504,2018-04-19,1,1,23,2018,4,19,3
505,2018-04-20,1,1,16,2018,4,20,4
506,2018-04-21,1,1,25,2018,4,21,5
507,2018-04-22,1,1,28,2018,4,22,6
508,2018-04-23,1,1,25,2018,4,23,7
509,2018-04-24,1,1,20,2018,4,24,1
510,2018-04-25,1,1,15,2018,4,25,2
511,2018-04-26,1,1,13,2018,4,26,3
512,2018-04-27,1,1,13,2018,4,27,4
513,2018-04-28,1,1,20,2018,4,28,5
514,2018-04-29,1,1,29,2018,4,29,6
515,2018-04-30,1,1,31,2018,4,30,7
516,2018-05-01,1,1,24,2018,5,1,1
517,2018-05-02,1,1,16,2018,5,2,2
518,2018-05-03,1,1,23,2018,5,3,3
519,2018-05-04,1,1,20,2018,5,4,4
520,2018-05-05,1,1,24,2018,5,5,5
521,2018-05-06,1,1,23,2018,5,6,6
522,2018-05-07,1,1,27,2018,5,7,7
523,2018-05-08,1,1,29,2018,5,8,1
524,2018-05-09,1,1,18,2018,5,9,2
525,2018-05-10,1,1,14,2018,5,10,3
526,2018-05-11,1,1,22,2018,5,11,4
527,2018-05-12,1,1,22,2018,5,12,5
528,2018-05-13,1,1,25,2018,5,13,6
529,2018-05-14,1,1,29,2018,5,14,7
530,2018-05-15,1,1,33,2018,5,15,1
531,2018-05-16,1,1,25,2018,5,16,2
532,2018-05-17,1,1,32,2018,5,17,3
533,2018-05-18,1,1,20,2018,5,18,4
534,2018-05-19,1,1,22,2018,5,19,5
535,2018-05-20,1,1,19,2018,5,20,6
536,2018-05-21,1,1,26,2018,5,21,7
537,2018-05-22,1,1,37,2018,5,22,1
538,2018-05-23,1,1,19,2018,5,23,2
539,2018-05-24,1,1,24,2018,5,24,3
540,2018-05-25,1,1,21,2018,5,25,4
541,2018-05-26,1,1,18,2018,5,26,5
542,2018-05-27,1,1,29,2018,5,27,6
543,2018-05-28,1,1,34,2018,5,28,7
544,2018-05-29,1,1,19,2018,5,29,1
545,2018-05-30,1,1,16,2018,5,30,2
546,2018-05-31,1,1,16,2018,5,31,3
547,2018-06-01,1,1,24,2018,6,1,4
548,2018-06-02,1,1,25,2018,6,2,5
549,2018-06-03,1,1,28,2018,6,3,6
550,2018-06-04,1,1,25,2018,6,4,7
551,2018-06-05,1,1,34,2018,6,5,1
552,2018-06-06,1,1,16,2018,6,6,2
553,2018-06-07,1,1,25,2018,6,7,3
554,2018-06-08,1,1,27,2018,6,8,4
555,2018-06-09,1,1,23,2018,6,9,5
556,2018-06-10,1,1,25,2018,6,10,6
557,2018-06-11,1,1,22,2018,6,11,7
558,2018-06-12,1,1,24,2018,6,12,1
559,2018-06-13,1,1,21,2018,6,13,2
560,2018-06-14,1,1,24,2018,6,14,3
561,2018-06-15,1,1,17,2018,6,15,4
562,2018-06-16,1,1,26,2018,6,16,5
563,2018-06-17,1,1,25,2018,6,17,6
564,2018-06-18,1,1,31,2018,6,18,7
565,2018-06-19,1,1,26,2018,6,19,1
566,2018-06-20,1,1,21,2018,6,20,2
567,2018-06-21,1,1,30,2018,6,21,3
568,2018-06-22,1,1,19,2018,6,22,4
569,2018-06-23,1,1,26,2018,6,23,5
570,2018-06-24,1,1,24,2018,6,24,6
571,2018-06-25,1,1,29,2018,6,25,7
572,2018-06-26,1,1,35,2018,6,26,1
573,2018-06-27,1,1,11,2018,6,27,2
574,2018-06-28,1,1,19,2018,6,28,3
575,2018-06-29,1,1,25,2018,6,29,4
576,2018-06-30,1,1,23,2018,6,30,5
577,2018-07-01,1,1,12,2018,7,1,6
578,2018-07-02,1,1,23,2018,7,2,7
579,2018-07-03,1,1,27,2018,7,3,1
580,2018-07-04,1,1,20,2018,7,4,2
581,2018-07-05,1,1,19,2018,7,5,3
582,2018-07-06,1,1,25,2018,7,6,4
583,2018-07-07,1,1,21,2018,7,7,5
584,2018-07-08,1,1,27,2018,7,8,6
585,2018-07-09,1,1,27,2018,7,9,7
586,2018-07-10,1,1,22,2018,7,10,1
587,2018-07-11,1,1,22,2018,7,11,2
588,2018-07-12,1,1,20,2018,7,12,3
589,2018-07-13,1,1,11,2018,7,13,4
590,2018-07-14,1,1,17,2018,7,14,5
591,2018-07-15,1,1,21,2018,7,15,6
592,2018-07-16,1,1,20,2018,7,16,7
593,2018-07-17,1,1,31,2018,7,17,1
594,2018-07-18,1,1,25,2018,7,18,2
595,2018-07-19,1,1,15,2018,7,19,3
596,2018-07-20,1,1,21,2018,7,20,4
597,2018-07-21,1,1,20,2018,7,21,5
598,2018-07-22,1,1,21,2018,7,22,6
599,2018-07-23,1,1,26,2018,7,23,7
600,2018-07-24,1,1,26,2018,7,24,1
601,2018-07-25,1,1,12,2018,7,25,2
602,2018-07-26,1,1,25,2018,7,26,3
603,2018-07-27,1,1,21,2018,7,27,4
604,2018-07-28,1,1,19,2018,7,28,5
605,2018-07-29,1,1,17,2018,7,29,6
606,2018-07-30,1,1,30,2018,7,30,7
607,2018-07-31,1,1,28,2018,7,31,1
608,2018-08-01,1,1,16,2018,8,1,2
609,2018-08-02,1,1,15,2018,8,2,3
610,2018-08-03,1,1,22,2018,8,3,4
611,2018-08-04,1,1,26,2018,8,4,5
612,2018-08-05,1,1,27,2018,8,5,6
613,2018-08-06,1,1,21,2018,8,6,7
614,2018-08-07,1,1,25,2018,8,7,1
615,2018-08-08,1,1,12,2018,8,8,2
616,2018-08-09,1,1,22,2018,8,9,3
617,2018-08-10,1,1,16,2018,8,10,4
618,2018-08-11,1,1,15,2018,8,11,5
619,2018-08-12,1,1,25,2018,8,12,6
620,2018-08-13,1,1,17,2018,8,13,7
621,2018-08-14,1,1,26,2018,8,14,1
622,2018-08-15,1,1,12,2018,8,15,2
623,2018-08-16,1,1,15,2018,8,16,3
624,2018-08-17,1,1,17,2018,8,17,4
625,2018-08-18,1,1,18,2018,8,18,5
626,2018-08-19,1,1,21,2018,8,19,6
627,2018-08-20,1,1,21,2018,8,20,7
628,2018-08-21,1,1,20,2018,8,21,1
629,2018-08-22,1,1,15,2018,8,22,2
630,2018-08-23,1,1,20,2018,8,23,3
631,2018-08-24,1,1,14,2018,8,24,4
632,2018-08-25,1,1,17,2018,8,25,5
633,2018-08-26,1,1,23,2018,8,26,6
634,2018-08-27,1,1,13,2018,8,27,7
635,2018-08-28,1,1,22,2018,8,28,1
636,2018-08-29,1,1,18,2018,8,29,2
637,2018-08-30,1,1,15,2018,8,30,3
638,2018-08-31,1,1,12,2018,8,31,4
639,2018-09-01,1,1,15,2018,9,1,5
640,2018-09-02,1,1,24,2018,9,2,6
641,2018-09-03,1,1,27,2018,9,3,7
642,2018-09-04,1,1,33,2018,9,4,1
643,2018-09-05,1,1,9,2018,9,5,2
644,2018-09-06,1,1,10,2018,9,6,3
645,2018-09-07,1,1,25,2018,9,7,4
646,2018-09-08,1,1,18,2018,9,8,5
647,2018-09-09,1,1,19,2018,9,9,6
648,2018-09-10,1,1,28,2018,9,10,7
649,2018-09-11,1,1,29,2018,9,11,1
650,2018-09-12,1,1,6,2018,9,12,2
651,2018-09-13,1,1,20,2018,9,13,3
652,2018-09-14,1,1,21,2018,9,14,4
653,2018-09-15,1,1,17,2018,9,15,5
654,2018-09-16,1,1,18,2018,9,16,6
655,2018-09-17,1,1,22,2018,9,17,7
656,2018-09-18,1,1,13,2018,9,18,1
657,2018-09-19,1,1,8,2018,9,19,2
658,2018-09-20,1,1,19,2018,9,20,3
659,2018-09-21,1,1,14,2018,9,21,4
660,2018-09-22,1,1,18,2018,9,22,5
661,2018-09-23,1,1,17,2018,9,23,6
662,2018-09-24,1,1,21,2018,9,24,7
663,2018-09-25,1,1,22,2018,9,25,1
664,2018-09-26,1,1,15,2018,9,26,2
665,2018-09-27,1,1,12,2018,9,27,3
666,2018-09-28,1,1,11,2018,9,28,4
667,2018-09-29,1,1,12,2018,9,29,5
668,2018-09-30,1,1,20,2018,9,30,6
669,2018-10-01,1,1,17,2018,10,1,7
670,2018-10-02,1,1,33,2018,10,2,1
671,2018-10-03,1,1,16,2018,10,3,2
672,2018-10-04,1,1,16,2018,10,4,3
673,2018-10-05,1,1,15,2018,10,5,4
674,2018-10-06,1,1,22,2018,10,6,5
675,2018-10-07,1,1,22,2018,10,7,6
676,2018-10-08,1,1,12,2018,10,8,7
677,2018-10-09,1,1,28,2018,10,9,1
678,2018-10-10,1,1,16,2018,10,10,2
679,2018-10-11,1,1,12,2018,10,11,3
680,2018-10-12,1,1,18,2018,10,12,4
681,2018-10-13,1,1,18,2018,10,13,5
682,2018-10-14,1,1,25,2018,10,14,6
683,2018-10-15,1,1,24,2018,10,15,7
684,2018-10-16,1,1,18,2018,10,16,1
685,2018-10-17,1,1,17,2018,10,17,2
686,2018-10-18,1,1,18,2018,10,18,3
687,2018-10-19,1,1,19,2018,10,19,4
688,2018-10-20,1,1,17,2018,10,20,5
689,2018-10-21,1,1,28,2018,10,21,6
690,2018-10-22,1,1,20,2018,10,22,7
691,2018-10-23,1,1,29,2018,10,23,1
692,2018-10-24,1,1,18,2018,10,24,2
693,2018-10-25,1,1,19,2018,10,25,3
694,2018-10-26,1,1,23,2018,10,26,4
695,2018-10-27,1,1,23,2018,10,27,5
696,2018-10-28,1,1,24,2018,10,28,6
697,2018-10-29,1,1,28,2018,10,29,7
698,2018-10-30,1,1,24,2018,10,30,1
699,2018-10-31,1,1,10,2018,10,31,2
700,2018-11-01,1,1,17,2018,11,1,3
701,2018-11-02,1,1,9,2018,11,2,4
702,2018-11-03,1,1,10,2018,11,3,5
703,2018-11-04,1,1,14,2018,11,4,6
704,2018-11-05,1,1,16,2018,11,5,7
705,2018-11-06,1,1,11,2018,11,6,1
706,2018-11-07,1,1,13,2018,11,7,2
707,2018-11-08,1,1,13,2018,11,8,3
708,2018-11-09,1,1,14,2018,11,9,4
709,2018-11-10,1,1,12,2018,11,10,5
710,2018-11-11,1,1,10,2018,11,11,6
711,2018-11-12,1,1,16,2018,11,12,7
712,2018-11-13,1,1,13,2018,11,13,1
713,2018-11-14,1,1,14,2018,11,14,2
714,2018-11-15,1,1,11,2018,11,15,3
715,2018-11-16,1,1,15,2018,11,16,4
716,2018-11-17,1,1,10,2018,11,17,5
717,2018-11-18,1,1,11,2018,11,18,6
718,2018-11-19,1,1,19,2018,11,19,7
719,2018-11-20,1,1,18,2018,11,20,1
720,2018-11-21,1,1,8,2018,11,21,2
721,2018-11-22,1,1,13,2018,11,22,3
722,2018-11-23,1,1,16,2018,11,23,4
723,2018-11-24,1,1,20,2018,11,24,5
724,2018-11-25,1,1,12,2018,11,25,6
725,2018-11-26,1,1,15,2018,11,26,7
726,2018-11-27,1,1,17,2018,11,27,1
727,2018-11-28,1,1,9,2018,11,28,2
728,2018-11-29,1,1,11,2018,11,29,3
729,2018-11-30,1,1,12,2018,11,30,4
730,2018-12-01,1,1,11,2018,12,1,5
731,2018-12-02,1,1,19,2018,12,2,6
732,2018-12-03,1,1,16,2018,12,3,7
733,2018-12-04,1,1,14,2018,12,4,1
734,2018-12-05,1,1,14,2018,12,5,2
735,2018-12-06,1,1,9,2018,12,6,3
736,2018-12-07,1,1,13,2018,12,7,4
737,2018-12-08,1,1,18,2018,12,8,5
738,2018-12-09,1,1,18,2018,12,9,6
739,2018-12-10,1,1,17,2018,12,10,7
740,2018-12-11,1,1,19,2018,12,11,1
741,2018-12-12,1,1,9,2018,12,12,2
742,2018-12-13,1,1,9,2018,12,13,3
743,2018-12-14,1,1,15,2018,12,14,4
744,2018-12-15,1,1,10,2018,12,15,5
745,2018-12-16,1,1,15,2018,12,16,6
746,2018-12-17,1,1,16,2018,12,17,7
747,2018-12-18,1,1,15,2018,12,18,1
748,2018-12-19,1,1,12,2018,12,19,2
749,2018-12-20,1,1,12,2018,12,20,3
750,2018-12-21,1,1,10,2018,12,21,4
751,2018-12-22,1,1,8,2018,12,22,5
752,2018-12-23,1,1,14,2018,12,23,6
753,2018-12-24,1,1,20,2018,12,24,7
754,2018-12-25,1,1,19,2018,12,25,1
755,2018-12-26,1,1,12,2018,12,26,2
756,2018-12-27,1,1,13,2018,12,27,3
757,2018-12-28,1,1,13,2018,12,28,4
758,2018-12-29,1,1,7,2018,12,29,5
759,2018-12-30,1,1,12,2018,12,30,6
760,2018-12-31,1,1,19,2018,12,31,7
761,2019-01-01,1,1,17,2019,1,1,1
762,2019-01-02,1,1,6,2019,1,2,2
763,2019-01-03,1,1,10,2019,1,3,3
764,2019-01-04,1,1,8,2019,1,4,4
765,2019-01-05,1,1,18,2019,1,5,5
766,2019-01-06,1,1,13,2019,1,6,6
767,2019-01-07,1,1,13,2019,1,7,7
768,2019-01-08,1,1,18,2019,1,8,1
769,2019-01-09,1,1,12,2019,1,9,2
770,2019-01-10,1,1,15,2019,1,10,3
771,2019-01-11,1,1,19,2019,1,11,4
772,2019-01-12,1,1,15,2019,1,12,5
773,2019-01-13,1,1,13,2019,1,13,6
774,2019-01-14,1,1,11,2019,1,14,7
775,2019-01-15,1,1,18,2019,1,15,1
776,2019-01-16,1,1,14,2019,1,16,2
777,2019-01-17,1,1,16,2019,1,17,3
778,2019-01-18,1,1,16,2019,1,18,4
779,2019-01-19,1,1,11,2019,1,19,5
780,2019-01-20,1,1,10,2019,1,20,6
781,2019-01-21,1,1,19,2019,1,21,7
782,2019-01-22,1,1,24,2019,1,22,1
783,2019-01-23,1,1,9,2019,1,23,2
784,2019-01-24,1,1,8,2019,1,24,3
785,2019-01-25,1,1,13,2019,1,25,4
786,2019-01-26,1,1,18,2019,1,26,5
787,2019-01-27,1,1,17,2019,1,27,6
788,2019-01-28,1,1,18,2019,1,28,7
789,2019-01-29,1,1,18,2019,1,29,1
790,2019-01-30,1,1,17,2019,1,30,2
791,2019-01-31,1,1,14,2019,1,31,3
792,2019-02-01,1,1,19,2019,2,1,4
793,2019-02-02,1,1,10,2019,2,2,5
794,2019-02-03,1,1,17,2019,2,3,6
795,2019-02-04,1,1,16,2019,2,4,7
796,2019-02-05,1,1,13,2019,2,5,1
797,2019-02-06,1,1,13,2019,2,6,2
798,2019-02-07,1,1,23,2019,2,7,3
799,2019-02-08,1,1,21,2019,2,8,4
800,2019-02-09,1,1,24,2019,2,9,5
801,2019-02-10,1,1,25,2019,2,10,6
802,2019-02-11,1,1,15,2019,2,11,7
803,2019-02-12,1,1,20,2019,2,12,1
804,2019-02-13,1,1,13,2019,2,13,2
805,2019-02-14,1,1,15,2019,2,14,3
806,2019-02-15,1,1,16,2019,2,15,4
807,2019-02-16,1,1,17,2019,2,16,5
808,2019-02-17,1,1,31,2019,2,17,6
809,2019-02-18,1,1,25,2019,2,18,7
810,2019-02-19,1,1,23,2019,2,19,1
811,2019-02-20,1,1,16,2019,2,20,2
812,2019-02-21,1,1,18,2019,2,21,3
813,2019-02-22,1,1,13,2019,2,22,4
814,2019-02-23,1,1,10,2019,2,23,5
815,2019-02-24,1,1,16,2019,2,24,6
816,2019-02-25,1,1,12,2019,2,25,7
817,2019-02-26,1,1,25,2019,2,26,1
818,2019-02-27,1,1,19,2019,2,27,2
819,2019-02-28,1,1,18,2019,2,28,3
820,2019-03-01,1,1,24,2019,3,1,4
821,2019-03-02,1,1,20,2019,3,2,5
822,2019-03-03,1,1,27,2019,3,3,6
823,2019-03-04,1,1,26,2019,3,4,7
824,2019-03-05,1,1,20,2019,3,5,1
825,2019-03-06,1,1,20,2019,3,6,2
826,2019-03-07,1,1,19,2019,3,7,3
827,2019-03-08,1,1,17,2019,3,8,4
828,2019-03-09,1,1,20,2019,3,9,5
829,2019-03-10,1,1,24,2019,3,10,6
830,2019-03-11,1,1,17,2019,3,11,7
831,2019-03-12,1,1,21,2019,3,12,1
832,2019-03-13,1,1,14,2019,3,13,2
833,2019-03-14,1,1,26,2019,3,14,3
834,2019-03-15,1,1,26,2019,3,15,4
835,2019-03-16,1,1,20,2019,3,16,5
836,2019-03-17,1,1,22,2019,3,17,6
837,2019-03-18,1,1,23,2019,3,18,7
838,2019-03-19,1,1,24,2019,3,19,1
839,2019-03-20,1,1,17,2019,3,20,2
840,2019-03-21,1,1,25,2019,3,21,3
841,2019-03-22,1,1,19,2019,3,22,4
842,2019-03-23,1,1,17,2019,3,23,5
843,2019-03-24,1,1,11,2019,3,24,6
844,2019-03-25,1,1,29,2019,3,25,7
845,2019-03-26,1,1,30,2019,3,26,1
846,2019-03-27,1,1,22,2019,3,27,2
847,2019-03-28,1,1,27,2019,3,28,3
848,2019-03-29,1,1,18,2019,3,29,4
849,2019-03-30,1,1,27,2019,3,30,5
850,2019-03-31,1,1,20,2019,3,31,6
851,2019-04-01,1,1,22,2019,4,1,7
852,2019-04-02,1,1,33,2019,4,2,1
853,2019-04-03,1,1,14,2019,4,3,2
854,2019-04-04,1,1,25,2019,4,4,3
855,2019-04-05,1,1,13,2019,4,5,4
856,2019-04-06,1,1,23,2019,4,6,5
857,2019-04-07,1,1,22,2019,4,7,6
858,2019-04-08,1,1,29,2019,4,8,7
859,2019-04-09,1,1,29,2019,4,9,1
860,2019-04-10,1,1,24,2019,4,10,2
861,2019-04-11,1,1,21,2019,4,11,3
862,2019-04-12,1,1,14,2019,4,12,4
863,2019-04-13,1,1,17,2019,4,13,5
864,2019-04-14,1,1,27,2019,4,14,6
865,2019-04-15,1,1,31,2019,4,15,7
866,2019-04-16,1,1,27,2019,4,16,1
867,2019-04-17,1,1,11,2019,4,17,2
868,2019-04-18,1,1,28,2019,4,18,3
869,2019-04-19,1,1,17,2019,4,19,4
870,2019-04-20,1,1,27,2019,4,20,5
871,2019-04-21,1,1,22,2019,4,21,6
872,2019-04-22,1,1,24,2019,4,22,7
873,2019-04-23,1,1,27,2019,4,23,1
874,2019-04-24,1,1,19,2019,4,24,2
875,2019-04-25,1,1,19,2019,4,25,3
876,2019-04-26,1,1,22,2019,4,26,4
877,2019-04-27,1,1,23,2019,4,27,5
878,2019-04-28,1,1,18,2019,4,28,6
879,2019-04-29,1,1,36,2019,4,29,7
880,2019-04-30,1,1,27,2019,4,30,1
881,2019-05-01,1,1,23,2019,5,1,2
882,2019-05-02,1,1,15,2019,5,2,3
883,2019-05-03,1,1,23,2019,5,3,4
884,2019-05-04,1,1,25,2019,5,4,5
885,2019-05-05,1,1,18,2019,5,5,6
886,2019-05-06,1,1,43,2019,5,6,7
887,2019-05-07,1,1,22,2019,5,7,1
888,2019-05-08,1,1,18,2019,5,8,2
889,2019-05-09,1,1,19,2019,5,9,3
890,2019-05-10,1,1,22,2019,5,10,4
891,2019-05-11,1,1,29,2019,5,11,5
892,2019-05-12,1,1,23,2019,5,12,6
893,2019-05-13,1,1,28,2019,5,13,7
894,2019-05-14,1,1,30,2019,5,14,1
895,2019-05-15,1,1,19,2019,5,15,2
896,2019-05-16,1,1,17,2019,5,16,3
897,2019-05-17,1,1,28,2019,5,17,4
898,2019-05-18,1,1,29,2019,5,18,5
899,2019-05-19,1,1,20,2019,5,19,6
900,2019-05-20,1,1,30,2019,5,20,7
901,2019-05-21,1,1,34,2019,5,21,1
902,2019-05-22,1,1,14,2019,5,22,2
903,2019-05-23,1,1,27,2019,5,23,3
904,2019-05-24,1,1,26,2019,5,24,4
905,2019-05-25,1,1,21,2019,5,25,5
906,2019-05-26,1,1,30,2019,5,26,6
907,2019-05-27,1,1,31,2019,5,27,7
908,2019-05-28,1,1,35,2019,5,28,1
909,2019-05-29,1,1,26,2019,5,29,2
910,2019-05-30,1,1,23,2019,5,30,3
911,2019-05-31,1,1,21,2019,5,31,4
912,2019-06-01,1,1,26,2019,6,1,5
913,2019-06-02,1,1,30,2019,6,2,6
914,2019-06-03,1,1,40,2019,6,3,7
915,2019-06-04,1,1,30,2019,6,4,1
916,2019-06-05,1,1,20,2019,6,5,2
917,2019-06-06,1,1,24,2019,6,6,3
918,2019-06-07,1,1,21,2019,6,7,4
919,2019-06-08,1,1,33,2019,6,8,5
920,2019-06-09,1,1,26,2019,6,9,6
921,2019-06-10,1,1,30,2019,6,10,7
922,2019-06-11,1,1,19,2019,6,11,1
923,2019-06-12,1,1,22,2019,6,12,2
924,2019-06-13,1,1,19,2019,6,13,3
925,2019-06-14,1,1,20,2019,6,14,4
926,2019-06-15,1,1,41,2019,6,15,5
927,2019-06-16,1,1,31,2019,6,16,6
928,2019-06-17,1,1,38,2019,6,17,7
929,2019-06-18,1,1,38,2019,6,18,1
930,2019-06-19,1,1,22,2019,6,19,2
931,2019-06-20,1,1,29,2019,6,20,3
932,2019-06-21,1,1,27,2019,6,21,4
933,2019-06-22,1,1,17,2019,6,22,5
934,2019-06-23,1,1,29,2019,6,23,6
935,2019-06-24,1,1,34,2019,6,24,7
936,2019-06-25,1,1,38,2019,6,25,1
937,2019-06-26,1,1,13,2019,6,26,2
938,2019-06-27,1,1,27,2019,6,27,3
939,2019-06-28,1,1,26,2019,6,28,4
940,2019-06-29,1,1,22,2019,6,29,5
941,2019-06-30,1,1,29,2019,6,30,6
942,2019-07-01,1,1,28,2019,7,1,7
943,2019-07-02,1,1,19,2019,7,2,1
944,2019-07-03,1,1,20,2019,7,3,2
945,2019-07-04,1,1,26,2019,7,4,3
946,2019-07-05,1,1,20,2019,7,5,4
947,2019-07-06,1,1,25,2019,7,6,5
948,2019-07-07,1,1,22,2019,7,7,6
949,2019-07-08,1,1,19,2019,7,8,7
950,2019-07-09,1,1,33,2019,7,9,1
951,2019-07-10,1,1,14,2019,7,10,2
952,2019-07-11,1,1,16,2019,7,11,3
953,2019-07-12,1,1,24,2019,7,12,4
954,2019-07-13,1,1,25,2019,7,13,5
955,2019-07-14,1,1,23,2019,7,14,6
956,2019-07-15,1,1,26,2019,7,15,7
957,2019-07-16,1,1,27,2019,7,16,1
958,2019-07-17,1,1,14,2019,7,17,2
959,2019-07-18,1,1,18,2019,7,18,3
960,2019-07-19,1,1,24,2019,7,19,4
961,2019-07-20,1,1,17,2019,7,20,5
962,2019-07-21,1,1,29,2019,7,21,6
963,2019-07-22,1,1,22,2019,7,22,7
964,2019-07-23,1,1,19,2019,7,23,1
965,2019-07-24,1,1,19,2019,7,24,2
966,2019-07-25,1,1,22,2019,7,25,3
967,2019-07-26,1,1,26,2019,7,26,4
968,2019-07-27,1,1,23,2019,7,27,5
969,2019-07-28,1,1,25,2019,7,28,6
970,2019-07-29,1,1,36,2019,7,29,7
971,2019-07-30,1,1,25,2019,7,30,1
972,2019-07-31,1,1,20,2019,7,31,2
973,2019-08-01,1,1,27,2019,8,1,3
974,2019-08-02,1,1,22,2019,8,2,4
975,2019-08-03,1,1,16,2019,8,3,5
976,2019-08-04,1,1,16,2019,8,4,6
977,2019-08-05,1,1,34,2019,8,5,7
978,2019-08-06,1,1,25,2019,8,6,1
979,2019-08-07,1,1,17,2019,8,7,2
980,2019-08-08,1,1,25,2019,8,8,3
981,2019-08-09,1,1,13,2019,8,9,4
982,2019-08-10,1,1,25,2019,8,10,5
983,2019-08-11,1,1,28,2019,8,11,6
984,2019-08-12,1,1,24,2019,8,12,7
985,2019-08-13,1,1,28,2019,8,13,1
986,2019-08-14,1,1,22,2019,8,14,2
987,2019-08-15,1,1,21,2019,8,15,3
988,2019-08-16,1,1,23,2019,8,16,4
989,2019-08-17,1,1,19,2019,8,17,5
990,2019-08-18,1,1,16,2019,8,18,6
991,2019-08-19,1,1,40,2019,8,19,7
992,2019-08-20,1,1,28,2019,8,20,1
993,2019-08-21,1,1,18,2019,8,21,2
994,2019-08-22,1,1,20,2019,8,22,3
995,2019-08-23,1,1,22,2019,8,23,4
996,2019-08-24,1,1,28,2019,8,24,5
997,2019-08-25,1,1,20,2019,8,25,6
998,2019-08-26,1,1,20,2019,8,26,7
999,2019-08-27,1,1,32,2019,8,27,1
1000,2019-08-28,1,1,15,2019,8,28,2
1001,2019-08-29,1,1,19,2019,8,29,3
1002,2019-08-30,1,1,15,2019,8,30,4
1003,2019-08-31,1,1,25,2019,8,31,5
1004,2019-09-01,1,1,12,2019,9,1,6
1005,2019-09-02,1,1,20,2019,9,2,7
1006,2019-09-03,1,1,22,2019,9,3,1
1007,2019-09-04,1,1,13,2019,9,4,2
1008,2019-09-05,1,1,14,2019,9,5,3
1009,2019-09-06,1,1,19,2019,9,6,4
1010,2019-09-07,1,1,21,2019,9,7,5
1011,2019-09-08,1,1,27,2019,9,8,6
1012,2019-09-09,1,1,22,2019,9,9,7
1013,2019-09-10,1,1,25,2019,9,10,1
1014,2019-09-11,1,1,12,2019,9,11,2
1015,2019-09-12,1,1,24,2019,9,12,3
1016,2019-09-13,1,1,26,2019,9,13,4
1017,2019-09-14,1,1,19,2019,9,14,5
1018,2019-09-15,1,1,23,2019,9,15,6
1019,2019-09-16,1,1,22,2019,9,16,7
1020,2019-09-17,1,1,25,2019,9,17,1
1021,2019-09-18,1,1,19,2019,9,18,2
1022,2019-09-19,1,1,21,2019,9,19,3
1023,2019-09-20,1,1,24,2019,9,20,4
1024,2019-09-21,1,1,17,2019,9,21,5
1025,2019-09-22,1,1,28,2019,9,22,6
1026,2019-09-23,1,1,24,2019,9,23,7
1027,2019-09-24,1,1,33,2019,9,24,1
1028,2019-09-25,1,1,18,2019,9,25,2
1029,2019-09-26,1,1,18,2019,9,26,3
1030,2019-09-27,1,1,8,2019,9,27,4
1031,2019-09-28,1,1,17,2019,9,28,5
1032,2019-09-29,1,1,19,2019,9,29,6
1033,2019-09-30,1,1,30,2019,9,30,7
1034,2019-10-01,1,1,26,2019,10,1,1
1035,2019-10-02,1,1,16,2019,10,2,2
1036,2019-10-03,1,1,25,2019,10,3,3
1037,2019-10-04,1,1,26,2019,10,4,4
1038,2019-10-05,1,1,21,2019,10,5,5
1039,2019-10-06,1,1,24,2019,10,6,6
1040,2019-10-07,1,1,25,2019,10,7,7
1041,2019-10-08,1,1,25,2019,10,8,1
1042,2019-10-09,1,1,16,2019,10,9,2
1043,2019-10-10,1,1,15,2019,10,10,3
1044,2019-10-11,1,1,24,2019,10,11,4
1045,2019-10-12,1,1,19,2019,10,12,5
1046,2019-10-13,1,1,21,2019,10,13,6
1047,2019-10-14,1,1,37,2019,10,14,7
1048,2019-10-15,1,1,31,2019,10,15,1
1049,2019-10-16,1,1,14,2019,10,16,2
1050,2019-10-17,1,1,19,2019,10,17,3
1051,2019-10-18,1,1,30,2019,10,18,4
1052,2019-10-19,1,1,26,2019,10,19,5
1053,2019-10-20,1,1,27,2019,10,20,6
1054,2019-10-21,1,1,22,2019,10,21,7
1055,2019-10-22,1,1,30,2019,10,22,1
1056,2019-10-23,1,1,21,2019,10,23,2
1057,2019-10-24,1,1,20,2019,10,24,3
1058,2019-10-25,1,1,16,2019,10,25,4
1059,2019-10-26,1,1,19,2019,10,26,5
1060,2019-10-27,1,1,33,2019,10,27,6
1061,2019-10-28,1,1,24,2019,10,28,7
1062,2019-10-29,1,1,27,2019,10,29,1
1063,2019-10-30,1,1,5,2019,10,30,2
1064,2019-10-31,1,1,13,2019,10,31,3
1065,2019-11-01,1,1,12,2019,11,1,4
1066,2019-11-02,1,1,14,2019,11,2,5
1067,2019-11-03,1,1,29,2019,11,3,6
1068,2019-11-04,1,1,12,2019,11,4,7
1069,2019-11-05,1,1,14,2019,11,5,1
1070,2019-11-06,1,1,14,2019,11,6,2
1071,2019-11-07,1,1,13,2019,11,7,3
1072,2019-11-08,1,1,18,2019,11,8,4
1073,2019-11-09,1,1,14,2019,11,9,5
1074,2019-11-10,1,1,21,2019,11,10,6
1075,2019-11-11,1,1,23,2019,11,11,7
1076,2019-11-12,1,1,14,2019,11,12,1
1077,2019-11-13,1,1,10,2019,11,13,2
1078,2019-11-14,1,1,12,2019,11,14,3
1079,2019-11-15,1,1,19,2019,11,15,4
1080,2019-11-16,1,1,9,2019,11,16,5
1081,2019-11-17,1,1,19,2019,11,17,6
1082,2019-11-18,1,1,21,2019,11,18,7
1083,2019-11-19,1,1,17,2019,11,19,1
1084,2019-11-20,1,1,10,2019,11,20,2
1085,2019-11-21,1,1,13,2019,11,21,3
1086,2019-11-22,1,1,14,2019,11,22,4
1087,2019-11-23,1,1,7,2019,11,23,5
1088,2019-11-24,1,1,19,2019,11,24,6
1089,2019-11-25,1,1,13,2019,11,25,7
1090,2019-11-26,1,1,17,2019,11,26,1
1091,2019-11-27,1,1,4,2019,11,27,2
1092,2019-11-28,1,1,12,2019,11,28,3
1093,2019-11-29,1,1,15,2019,11,29,4
1094,2019-11-30,1,1,18,2019,11,30,5
1095,2019-12-01,1,1,21,2019,12,1,6
1096,2019-12-02,1,1,13,2019,12,2,7
1097,2019-12-03,1,1,12,2019,12,3,1
1098,2019-12-04,1,1,12,2019,12,4,2
1099,2019-12-05,1,1,12,2019,12,5,3
1100,2019-12-06,1,1,16,2019,12,6,4
1101,2019-12-07,1,1,12,2019,12,7,5
1102,2019-12-08,1,1,12,2019,12,8,6
1103,2019-12-09,1,1,16,2019,12,9,7
1104,2019-12-10,1,1,26,2019,12,10,1
1105,2019-12-11,1,1,7,2019,12,11,2
1106,2019-12-12,1,1,13,2019,12,12,3
1107,2019-12-13,1,1,9,2019,12,13,4
1108,2019-12-14,1,1,18,2019,12,14,5
1109,2019-12-15,1,1,13,2019,12,15,6
1110,2019-12-16,1,1,8,2019,12,16,7
1111,2019-12-17,1,1,13,2019,12,17,1
1112,2019-12-18,1,1,7,2019,12,18,2
1113,2019-12-19,1,1,17,2019,12,19,3
1114,2019-12-20,1,1,13,2019,12,20,4
1115,2019-12-21,1,1,12,2019,12,21,5
1116,2019-12-22,1,1,15,2019,12,22,6
1117,2019-12-23,1,1,23,2019,12,23,7
1118,2019-12-24,1,1,21,2019,12,24,1
1119,2019-12-25,1,1,15,2019,12,25,2
1120,2019-12-26,1,1,18,2019,12,26,3
1121,2019-12-27,1,1,14,2019,12,27,4
1122,2019-12-28,1,1,17,2019,12,28,5
1123,2019-12-29,1,1,16,2019,12,29,6
1124,2019-12-30,1,1,14,2019,12,30,7
1125,2019-12-31,1,1,14,2019,12,31,1
1126,2020-01-01,1,1,16,2020,1,1,2
1127,2020-01-02,1,1,16,2020,1,2,3
1128,2020-01-03,1,1,19,2020,1,3,4
1129,2020-01-04,1,1,9,2020,1,4,5
1130,2020-01-05,1,1,14,2020,1,5,6
1131,2020-01-06,1,1,14,2020,1,6,7
1132,2020-01-07,1,1,18,2020,1,7,1
1133,2020-01-08,1,1,12,2020,1,8,2
1134,2020-01-09,1,1,14,2020,1,9,3
1135,2020-01-10,1,1,16,2020,1,10,4
1136,2020-01-11,1,1,14,2020,1,11,5
1137,2020-01-12,1,1,15,2020,1,12,6
1138,2020-01-13,1,1,10,2020,1,13,7
1139,2020-01-14,1,1,23,2020,1,14,1
1140,2020-01-15,1,1,8,2020,1,15,2
1141,2020-01-16,1,1,19,2020,1,16,3
1142,2020-01-17,1,1,29,2020,1,17,4
1143,2020-01-18,1,1,17,2020,1,18,5
1144,2020-01-19,1,1,18,2020,1,19,6
1145,2020-01-20,1,1,18,2020,1,20,7
1146,2020-01-21,1,1,21,2020,1,21,1
1147,2020-01-22,1,1,16,2020,1,22,2
1148,2020-01-23,1,1,16,2020,1,23,3
1149,2020-01-24,1,1,10,2020,1,24,4
1150,2020-01-25,1,1,12,2020,1,25,5
1151,2020-01-26,1,1,9,2020,1,26,6
1152,2020-01-27,1,1,21,2020,1,27,7
1153,2020-01-28,1,1,12,2020,1,28,1
1154,2020-01-29,1,1,14,2020,1,29,2
1155,2020-01-30,1,1,16,2020,1,30,3
1156,2020-01-31,1,1,17,2020,1,31,4
1157,2020-02-01,1,1,20,2020,2,1,5
1158,2020-02-02,1,1,17,2020,2,2,6
1159,2020-02-03,1,1,17,2020,2,3,7
1160,2020-02-04,1,1,22,2020,2,4,1
1161,2020-02-05,1,1,17,2020,2,5,2
1162,2020-02-06,1,1,9,2020,2,6,3
1163,2020-02-07,1,1,18,2020,2,7,4
1164,2020-02-08,1,1,15,2020,2,8,5
1165,2020-02-09,1,1,22,2020,2,9,6
1166,2020-02-10,1,1,17,2020,2,10,7
1167,2020-02-11,1,1,23,2020,2,11,1
1168,2020-02-12,1,1,13,2020,2,12,2
1169,2020-02-13,1,1,11,2020,2,13,3
1170,2020-02-14,1,1,23,2020,2,14,4
1171,2020-02-15,1,1,19,2020,2,15,5
1172,2020-02-16,1,1,21,2020,2,16,6
1173,2020-02-17,1,1,25,2020,2,17,7
1174,2020-02-18,1,1,25,2020,2,18,1
1175,2020-02-19,1,1,22,2020,2,19,2
1176,2020-02-20,1,1,17,2020,2,20,3
1177,2020-02-21,1,1,19,2020,2,21,4
1178,2020-02-22,1,1,18,2020,2,22,5
1179,2020-02-23,1,1,27,2020,2,23,6
1180,2020-02-24,1,1,22,2020,2,24,7
1181,2020-02-25,1,1,28,2020,2,25,1
1182,2020-02-26,1,1,16,2020,2,26,2
1183,2020-02-27,1,1,22,2020,2,27,3
1184,2020-02-28,1,1,14,2020,2,28,4
1185,2020-02-29,1,1,17,2020,2,29,5
1186,2020-03-01,1,1,32,2020,3,1,6
1187,2020-03-02,1,1,24,2020,3,2,7
1188,2020-03-03,1,1,29,2020,3,3,1
1189,2020-03-04,1,1,18,2020,3,4,2
1190,2020-03-05,1,1,20,2020,3,5,3
1191,2020-03-06,1,1,25,2020,3,6,4
1192,2020-03-07,1,1,18,2020,3,7,5
1193,2020-03-08,1,1,23,2020,3,8,6
1194,2020-03-09,1,1,22,2020,3,9,7
1195,2020-03-10,1,1,36,2020,3,10,1
1196,2020-03-11,1,1,18,2020,3,11,2
1197,2020-03-12,1,1,30,2020,3,12,3
1198,2020-03-13,1,1,24,2020,3,13,4
1199,2020-03-14,1,1,22,2020,3,14,5
1200,2020-03-15,1,1,23,2020,3,15,6
1201,2020-03-16,1,1,22,2020,3,16,7
1202,2020-03-17,1,1,18,2020,3,17,1
1203,2020-03-18,1,1,23,2020,3,18,2
1204,2020-03-19,1,1,23,2020,3,19,3
1205,2020-03-20,1,1,18,2020,3,20,4
1206,2020-03-21,1,1,20,2020,3,21,5
1207,2020-03-22,1,1,22,2020,3,22,6
1208,2020-03-23,1,1,23,2020,3,23,7
1209,2020-03-24,1,1,26,2020,3,24,1
1210,2020-03-25,1,1,15,2020,3,25,2
1211,2020-03-26,1,1,20,2020,3,26,3
1212,2020-03-27,1,1,19,2020,3,27,4
1213,2020-03-28,1,1,21,2020,3,28,5
1214,2020-03-29,1,1,30,2020,3,29,6
1215,2020-03-30,1,1,30,2020,3,30,7
1216,2020-03-31,1,1,30,2020,3,31,1
1217,2020-04-01,1,1,18,2020,4,1,2
1218,2020-04-02,1,1,29,2020,4,2,3
1219,2020-04-03,1,1,24,2020,4,3,4
1220,2020-04-04,1,1,17,2020,4,4,5
1221,2020-04-05,1,1,23,2020,4,5,6
1222,2020-04-06,1,1,23,2020,4,6,7
1223,2020-04-07,1,1,26,2020,4,7,1
1224,2020-04-08,1,1,18,2020,4,8,2
1225,2020-04-09,1,1,29,2020,4,9,3
1226,2020-04-10,1,1,21,2020,4,10,4
1227,2020-04-11,1,1,19,2020,4,11,5
1228,2020-04-12,1,1,26,2020,4,12,6
1229,2020-04-13,1,1,30,2020,4,13,7
1230,2020-04-14,1,1,39,2020,4,14,1
1231,2020-04-15,1,1,13,2020,4,15,2
1232,2020-04-16,1,1,25,2020,4,16,3
1233,2020-04-17,1,1,33,2020,4,17,4
1234,2020-04-18,1,1,26,2020,4,18,5
1235,2020-04-19,1,1,28,2020,4,19,6
1236,2020-04-20,1,1,35,2020,4,20,7
1237,2020-04-21,1,1,32,2020,4,21,1
1238,2020-04-22,1,1,22,2020,4,22,2
1239,2020-04-23,1,1,26,2020,4,23,3
1240,2020-04-24,1,1,29,2020,4,24,4
1241,2020-04-25,1,1,17,2020,4,25,5
1242,2020-04-26,1,1,26,2020,4,26,6
1243,2020-04-27,1,1,33,2020,4,27,7
1244,2020-04-28,1,1,29,2020,4,28,1
1245,2020-04-29,1,1,18,2020,4,29,2
1246,2020-04-30,1,1,18,2020,4,30,3
1247,2020-05-01,1,1,24,2020,5,1,4
1248,2020-05-02,1,1,25,2020,5,2,5
1249,2020-05-03,1,1,38,2020,5,3,6
1250,2020-05-04,1,1,28,2020,5,4,7
1251,2020-05-05,1,1,35,2020,5,5,1
1252,2020-05-06,1,1,23,2020,5,6,2
1253,2020-05-07,1,1,22,2020,5,7,3
1254,2020-05-08,1,1,22,2020,5,8,4
1255,2020-05-09,1,1,24,2020,5,9,5
1256,2020-05-10,1,1,34,2020,5,10,6
1257,2020-05-11,1,1,31,2020,5,11,7
1258,2020-05-12,1,1,22,2020,5,12,1
1259,2020-05-13,1,1,22,2020,5,13,2
1260,2020-05-14,1,1,25,2020,5,14,3
1261,2020-05-15,1,1,22,2020,5,15,4
1262,2020-05-16,1,1,30,2020,5,16,5
1263,2020-05-17,1,1,22,2020,5,17,6
1264,2020-05-18,1,1,27,2020,5,18,7
1265,2020-05-19,1,1,28,2020,5,19,1
1266,2020-05-20,1,1,15,2020,5,20,2
1267,2020-05-21,1,1,25,2020,5,21,3
1268,2020-05-22,1,1,25,2020,5,22,4
1269,2020-05-23,1,1,23,2020,5,23,5
1270,2020-05-24,1,1,31,2020,5,24,6
1271,2020-05-25,1,1,31,2020,5,25,7
1272,2020-05-26,1,1,32,2020,5,26,1
1273,2020-05-27,1,1,26,2020,5,27,2
1274,2020-05-28,1,1,28,2020,5,28,3
1275,2020-05-29,1,1,25,2020,5,29,4
1276,2020-05-30,1,1,25,2020,5,30,5
1277,2020-05-31,1,1,42,2020,5,31,6
1278,2020-06-01,1,1,32,2020,6,1,7
1279,2020-06-02,1,1,35,2020,6,2,1
1280,2020-06-03,1,1,18,2020,6,3,2
1281,2020-06-04,1,1,31,2020,6,4,3
1282,2020-06-05,1,1,22,2020,6,5,4
1283,2020-06-06,1,1,33,2020,6,6,5
1284,2020-06-07,1,1,34,2020,6,7,6
1285,2020-06-08,1,1,35,2020,6,8,7
1286,2020-06-09,1,1,28,2020,6,9,1
1287,2020-06-10,1,1,18,2020,6,10,2
1288,2020-06-11,1,1,27,2020,6,11,3
1289,2020-06-12,1,1,30,2020,6,12,4
1290,2020-06-13,1,1,22,2020,6,13,5
1291,2020-06-14,1,1,33,2020,6,14,6
1292,2020-06-15,1,1,34,2020,6,15,7
1293,2020-06-16,1,1,37,2020,6,16,1
1294,2020-06-17,1,1,24,2020,6,17,2
1295,2020-06-18,1,1,25,2020,6,18,3
1296,2020-06-19,1,1,22,2020,6,19,4
1297,2020-06-20,1,1,34,2020,6,20,5
1298,2020-06-21,1,1,26,2020,6,21,6
1299,2020-06-22,1,1,34,2020,6,22,7
1300,2020-06-23,1,1,25,2020,6,23,1
1301,2020-06-24,1,1,21,2020,6,24,2
1302,2020-06-25,1,1,24,2020,6,25,3
1303,2020-06-26,1,1,28,2020,6,26,4
1304,2020-06-27,1,1,30,2020,6,27,5
1305,2020-06-28,1,1,30,2020,6,28,6
1306,2020-06-29,1,1,38,2020,6,29,7
1307,2020-06-30,1,1,31,2020,6,30,1
1308,2020-07-01,1,1,21,2020,7,1,2
1309,2020-07-02,1,1,22,2020,7,2,3
1310,2020-07-03,1,1,28,2020,7,3,4
1311,2020-07-04,1,1,34,2020,7,4,5
1312,2020-07-05,1,1,24,2020,7,5,6
1313,2020-07-06,1,1,20,2020,7,6,7
1314,2020-07-07,1,1,31,2020,7,7,1
1315,2020-07-08,1,1,11,2020,7,8,2
1316,2020-07-09,1,1,26,2020,7,9,3
1317,2020-07-10,1,1,21,2020,7,10,4
1318,2020-07-11,1,1,23,2020,7,11,5
1319,2020-07-12,1,1,16,2020,7,12,6
1320,2020-07-13,1,1,27,2020,7,13,7
1321,2020-07-14,1,1,36,2020,7,14,1
1322,2020-07-15,1,1,24,2020,7,15,2
1323,2020-07-16,1,1,15,2020,7,16,3
1324,2020-07-17,1,1,25,2020,7,17,4
1325,2020-07-18,1,1,26,2020,7,18,5
1326,2020-07-19,1,1,29,2020,7,19,6
1327,2020-07-20,1,1,30,2020,7,20,7
1328,2020-07-21,1,1,22,2020,7,21,1
1329,2020-07-22,1,1,15,2020,7,22,2
1330,2020-07-23,1,1,24,2020,7,23,3
1331,2020-07-24,1,1,32,2020,7,24,4
1332,2020-07-25,1,1,17,2020,7,25,5
1333,2020-07-26,1,1,25,2020,7,26,6
1334,2020-07-27,1,1,24,2020,7,27,7
1335,2020-07-28,1,1,34,2020,7,28,1
1336,2020-07-29,1,1,14,2020,7,29,2
1337,2020-07-30,1,1,14,2020,7,30,3
1338,2020-07-31,1,1,17,2020,7,31,4
1339,2020-08-01,1,1,18,2020,8,1,5
1340,2020-08-02,1,1,20,2020,8,2,6
1341,2020-08-03,1,1,31,2020,8,3,7
1342,2020-08-04,1,1,25,2020,8,4,1
1343,2020-08-05,1,1,32,2020,8,5,2
1344,2020-08-06,1,1,28,2020,8,6,3
1345,2020-08-07,1,1,18,2020,8,7,4
1346,2020-08-08,1,1,28,2020,8,8,5
1347,2020-08-09,1,1,26,2020,8,9,6
1348,2020-08-10,1,1,25,2020,8,10,7
1349,2020-08-11,1,1,24,2020,8,11,1
1350,2020-08-12,1,1,24,2020,8,12,2
1351,2020-08-13,1,1,24,2020,8,13,3
1352,2020-08-14,1,1,19,2020,8,14,4
1353,2020-08-15,1,1,20,2020,8,15,5
1354,2020-08-16,1,1,19,2020,8,16,6
1355,2020-08-17,1,1,19,2020,8,17,7
1356,2020-08-18,1,1,27,2020,8,18,1
1357,2020-08-19,1,1,19,2020,8,19,2
1358,2020-08-20,1,1,23,2020,8,20,3
1359,2020-08-21,1,1,25,2020,8,21,4
1360,2020-08-22,1,1,25,2020,8,22,5
1361,2020-08-23,1,1,24,2020,8,23,6
1362,2020-08-24,1,1,26,2020,8,24,7
1363,2020-08-25,1,1,27,2020,8,25,1
1364,2020-08-26,1,1,17,2020,8,26,2
1365,2020-08-27,1,1,18,2020,8,27,3
1366,2020-08-28,1,1,27,2020,8,28,4
1367,2020-08-29,1,1,28,2020,8,29,5
1368,2020-08-30,1,1,23,2020,8,30,6
1369,2020-08-31,1,1,25,2020,8,31,7
1370,2020-09-01,1,1,26,2020,9,1,1
1371,2020-09-02,1,1,20,2020,9,2,2
1372,2020-09-03,1,1,28,2020,9,3,3
1373,2020-09-04,1,1,17,2020,9,4,4
1374,2020-09-05,1,1,22,2020,9,5,5
1375,2020-09-06,1,1,19,2020,9,6,6
1376,2020-09-07,1,1,24,2020,9,7,7
1377,2020-09-08,1,1,29,2020,9,8,1
1378,2020-09-09,1,1,18,2020,9,9,2
1379,2020-09-10,1,1,18,2020,9,10,3
1380,2020-09-11,1,1,16,2020,9,11,4
1381,2020-09-12,1,1,16,2020,9,12,5
1382,2020-09-13,1,1,32,2020,9,13,6
1383,2020-09-14,1,1,32,2020,9,14,7
1384,2020-09-15,1,1,26,2020,9,15,1
1385,2020-09-16,1,1,20,2020,9,16,2
1386,2020-09-17,1,1,21,2020,9,17,3
1387,2020-09-18,1,1,20,2020,9,18,4
1388,2020-09-19,1,1,30,2020,9,19,5
1389,2020-09-20,1,1,25,2020,9,20,6
1390,2020-09-21,1,1,26,2020,9,21,7
1391,2020-09-22,1,1,21,2020,9,22,1
1392,2020-09-23,1,1,16,2020,9,23,2
1393,2020-09-24,1,1,13,2020,9,24,3
1394,2020-09-25,1,1,16,2020,9,25,4
1395,2020-09-26,1,1,25,2020,9,26,5
1396,2020-09-27,1,1,18,2020,9,27,6
1397,2020-09-28,1,1,23,2020,9,28,7
1398,2020-09-29,1,1,33,2020,9,29,1
1399,2020-09-30,1,1,24,2020,9,30,2
1400,2020-10-01,1,1,22,2020,10,1,3
1401,2020-10-02,1,1,23,2020,10,2,4
1402,2020-10-03,1,1,23,2020,10,3,5
1403,2020-10-04,1,1,22,2020,10,4,6
1404,2020-10-05,1,1,29,2020,10,5,7
1405,2020-10-06,1,1,18,2020,10,6,1
1406,2020-10-07,1,1,17,2020,10,7,2
1407,2020-10-08,1,1,19,2020,10,8,3
1408,2020-10-09,1,1,22,2020,10,9,4
1409,2020-10-10,1,1,18,2020,10,10,5
1410,2020-10-11,1,1,26,2020,10,11,6
1411,2020-10-12,1,1,26,2020,10,12,7
1412,2020-10-13,1,1,36,2020,10,13,1
1413,2020-10-14,1,1,17,2020,10,14,2
1414,2020-10-15,1,1,22,2020,10,15,3
1415,2020-10-16,1,1,20,2020,10,16,4
1416,2020-10-17,1,1,19,2020,10,17,5
1417,2020-10-18,1,1,21,2020,10,18,6
1418,2020-10-19,1,1,36,2020,10,19,7
1419,2020-10-20,1,1,22,2020,10,20,1
1420,2020-10-21,1,1,14,2020,10,21,2
1421,2020-10-22,1,1,18,2020,10,22,3
1422,2020-10-23,1,1,20,2020,10,23,4
1423,2020-10-24,1,1,18,2020,10,24,5
1424,2020-10-25,1,1,26,2020,10,25,6
1425,2020-10-26,1,1,20,2020,10,26,7
1426,2020-10-27,1,1,20,2020,10,27,1
1427,2020-10-28,1,1,22,2020,10,28,2
1428,2020-10-29,1,1,27,2020,10,29,3
1429,2020-10-30,1,1,19,2020,10,30,4
1430,2020-10-31,1,1,13,2020,10,31,5
1431,2020-11-01,1,1,11,2020,11,1,6
1432,2020-11-02,1,1,19,2020,11,2,7
1433,2020-11-03,1,1,24,2020,11,3,1
1434,2020-11-04,1,1,13,2020,11,4,2
1435,2020-11-05,1,1,10,2020,11,5,3
1436,2020-11-06,1,1,17,2020,11,6,4
1437,2020-11-07,1,1,15,2020,11,7,5
1438,2020-11-08,1,1,7,2020,11,8,6
1439,2020-11-09,1,1,12,2020,11,9,7
1440,2020-11-10,1,1,20,2020,11,10,1
1441,2020-11-11,1,1,12,2020,11,11,2
1442,2020-11-12,1,1,23,2020,11,12,3
1443,2020-11-13,1,1,12,2020,11,13,4
1444,2020-11-14,1,1,10,2020,11,14,5
1445,2020-11-15,1,1,15,2020,11,15,6
1446,2020-11-16,1,1,19,2020,11,16,7
1447,2020-11-17,1,1,22,2020,11,17,1
1448,2020-11-18,1,1,17,2020,11,18,2
1449,2020-11-19,1,1,18,2020,11,19,3
1450,2020-11-20,1,1,12,2020,11,20,4
1451,2020-11-21,1,1,20,2020,11,21,5
1452,2020-11-22,1,1,21,2020,11,22,6
1453,2020-11-23,1,1,13,2020,11,23,7
1454,2020-11-24,1,1,20,2020,11,24,1
1455,2020-11-25,1,1,16,2020,11,25,2
1456,2020-11-26,1,1,10,2020,11,26,3
1457,2020-11-27,1,1,16,2020,11,27,4
1458,2020-11-28,1,1,21,2020,11,28,5
1459,2020-11-29,1,1,24,2020,11,29,6
1460,2020-11-30,1,1,14,2020,11,30,7
1461,2020-12-01,1,1,19,2020,12,1,1
1462,2020-12-02,1,1,15,2020,12,2,2
1463,2020-12-03,1,1,10,2020,12,3,3
1464,2020-12-04,1,1,16,2020,12,4,4
1465,2020-12-05,1,1,14,2020,12,5,5
1466,2020-12-06,1,1,24,2020,12,6,6
1467,2020-12-07,1,1,14,2020,12,7,7
1468,2020-12-08,1,1,20,2020,12,8,1
1469,2020-12-09,1,1,18,2020,12,9,2
1470,2020-12-10,1,1,11,2020,12,10,3
1471,2020-12-11,1,1,14,2020,12,11,4
1472,2020-12-12,1,1,17,2020,12,12,5
1473,2020-12-13,1,1,7,2020,12,13,6
1474,2020-12-14,1,1,16,2020,12,14,7
1475,2020-12-15,1,1,29,2020,12,15,1
1476,2020-12-16,1,1,15,2020,12,16,2
1477,2020-12-17,1,1,14,2020,12,17,3
1478,2020-12-18,1,1,10,2020,12,18,4
1479,2020-12-19,1,1,16,2020,12,19,5
1480,2020-12-20,1,1,22,2020,12,20,6
1481,2020-12-21,1,1,13,2020,12,21,7
1482,2020-12-22,1,1,21,2020,12,22,1
1483,2020-12-23,1,1,9,2020,12,23,2
1484,2020-12-24,1,1,18,2020,12,24,3
1485,2020-12-25,1,1,14,2020,12,25,4
1486,2020-12-26,1,1,13,2020,12,26,5
1487,2020-12-27,1,1,10,2020,12,27,6
1488,2020-12-28,1,1,16,2020,12,28,7
1489,2020-12-29,1,1,24,2020,12,29,1
1490,2020-12-30,1,1,9,2020,12,30,2
1491,2020-12-31,1,1,17,2020,12,31,3
1492,2021-01-01,1,1,15,2021,1,1,4
1493,2021-01-02,1,1,17,2021,1,2,5
1494,2021-01-03,1,1,24,2021,1,3,6
1495,2021-01-04,1,1,25,2021,1,4,7
1496,2021-01-05,1,1,25,2021,1,5,1
1497,2021-01-06,1,1,16,2021,1,6,2
1498,2021-01-07,1,1,12,2021,1,7,3
1499,2021-01-08,1,1,20,2021,1,8,4
1500,2021-01-09,1,1,16,2021,1,9,5
1501,2021-01-10,1,1,16,2021,1,10,6
1502,2021-01-11,1,1,18,2021,1,11,7
1503,2021-01-12,1,1,19,2021,1,12,1
1504,2021-01-13,1,1,11,2021,1,13,2
1505,2021-01-14,1,1,15,2021,1,14,3
1506,2021-01-15,1,1,22,2021,1,15,4
1507,2021-01-16,1,1,11,2021,1,16,5
1508,2021-01-17,1,1,17,2021,1,17,6
1509,2021-01-18,1,1,22,2021,1,18,7
1510,2021-01-19,1,1,18,2021,1,19,1
1511,2021-01-20,1,1,5,2021,1,20,2
1512,2021-01-21,1,1,14,2021,1,21,3
1513,2021-01-22,1,1,12,2021,1,22,4
1514,2021-01-23,1,1,26,2021,1,23,5
1515,2021-01-24,1,1,15,2021,1,24,6
1516,2021-01-25,1,1,16,2021,1,25,7
1517,2021-01-26,1,1,28,2021,1,26,1
1518,2021-01-27,1,1,12,2021,1,27,2
1519,2021-01-28,1,1,20,2021,1,28,3
1520,2021-01-29,1,1,16,2021,1,29,4
1521,2021-01-30,1,1,23,2021,1,30,5
1522,2021-01-31,1,1,22,2021,1,31,6
1523,2021-02-01,1,1,13,2021,2,1,7
1524,2021-02-02,1,1,25,2021,2,2,1
1525,2021-02-03,1,1,11,2021,2,3,2
1526,2021-02-04,1,1,14,2021,2,4,3
1527,2021-02-05,1,1,17,2021,2,5,4
1528,2021-02-06,1,1,16,2021,2,6,5
1529,2021-02-07,1,1,18,2021,2,7,6
1530,2021-02-08,1,1,15,2021,2,8,7
1531,2021-02-09,1,1,21,2021,2,9,1
1532,2021-02-10,1,1,14,2021,2,10,2
1533,2021-02-11,1,1,24,2021,2,11,3
1534,2021-02-12,1,1,22,2021,2,12,4
1535,2021-02-13,1,1,23,2021,2,13,5
1536,2021-02-14,1,1,17,2021,2,14,6
1537,2021-02-15,1,1,20,2021,2,15,7
1538,2021-02-16,1,1,25,2021,2,16,1
1539,2021-02-17,1,1,14,2021,2,17,2
1540,2021-02-18,1,1,13,2021,2,18,3
1541,2021-02-19,1,1,23,2021,2,19,4
1542,2021-02-20,1,1,18,2021,2,20,5
1543,2021-02-21,1,1,19,2021,2,21,6
1544,2021-02-22,1,1,20,2021,2,22,7
1545,2021-02-23,1,1,17,2021,2,23,1
1546,2021-02-24,1,1,21,2021,2,24,2
1547,2021-02-25,1,1,13,2021,2,25,3
1548,2021-02-26,1,1,12,2021,2,26,4
1549,2021-02-27,1,1,22,2021,2,27,5
1550,2021-02-28,1,1,13,2021,2,28,6
1551,2021-03-01,1,1,26,2021,3,1,7
1552,2021-03-02,1,1,21,2021,3,2,1
1553,2021-03-03,1,1,17,2021,3,3,2
1554,2021-03-04,1,1,22,2021,3,4,3
1555,2021-03-05,1,1,21,2021,3,5,4
1556,2021-03-06,1,1,25,2021,3,6,5
1557,2021-03-07,1,1,25,2021,3,7,6
1558,2021-03-08,1,1,23,2021,3,8,7
1559,2021-03-09,1,1,20,2021,3,9,1
1560,2021-03-10,1,1,19,2021,3,10,2
1561,2021-03-11,1,1,21,2021,3,11,3
1562,2021-03-12,1,1,17,2021,3,12,4
1563,2021-03-13,1,1,25,2021,3,13,5
1564,2021-03-14,1,1,15,2021,3,14,6
1565,2021-03-15,1,1,20,2021,3,15,7
1566,2021-03-16,1,1,32,2021,3,16,1
1567,2021-03-17,1,1,13,2021,3,17,2
1568,2021-03-18,1,1,21,2021,3,18,3
1569,2021-03-19,1,1,19,2021,3,19,4
1570,2021-03-20,1,1,26,2021,3,20,5
1571,2021-03-21,1,1,27,2021,3,21,6
1572,2021-03-22,1,1,19,2021,3,22,7
1573,2021-03-23,1,1,22,2021,3,23,1
1574,2021-03-24,1,1,17,2021,3,24,2
1575,2021-03-25,1,1,26,2021,3,25,3
1576,2021-03-26,1,1,22,2021,3,26,4
1577,2021-03-27,1,1,26,2021,3,27,5
1578,2021-03-28,1,1,25,2021,3,28,6
1579,2021-03-29,1,1,32,2021,3,29,7
1580,2021-03-30,1,1,33,2021,3,30,1
1581,2021-03-31,1,1,15,2021,3,31,2
1582,2021-04-01,1,1,21,2021,4,1,3
1583,2021-04-02,1,1,29,2021,4,2,4
1584,2021-04-03,1,1,19,2021,4,3,5
1585,2021-04-04,1,1,28,2021,4,4,6
1586,2021-04-05,1,1,34,2021,4,5,7
1587,2021-04-06,1,1,31,2021,4,6,1
1588,2021-04-07,1,1,24,2021,4,7,2
1589,2021-04-08,1,1,32,2021,4,8,3
1590,2021-04-09,1,1,17,2021,4,9,4
1591,2021-04-10,1,1,18,2021,4,10,5
1592,2021-04-11,1,1,26,2021,4,11,6
1593,2021-04-12,1,1,25,2021,4,12,7
1594,2021-04-13,1,1,32,2021,4,13,1
1595,2021-04-14,1,1,17,2021,4,14,2
1596,2021-04-15,1,1,24,2021,4,15,3
1597,2021-04-16,1,1,16,2021,4,16,4
1598,2021-04-17,1,1,32,2021,4,17,5
1599,2021-04-18,1,1,35,2021,4,18,6
1600,2021-04-19,1,1,34,2021,4,19,7
1601,2021-04-20,1,1,25,2021,4,20,1
1602,2021-04-21,1,1,20,2021,4,21,2
1603,2021-04-22,1,1,15,2021,4,22,3
1604,2021-04-23,1,1,30,2021,4,23,4
1605,2021-04-24,1,1,22,2021,4,24,5
1606,2021-04-25,1,1,24,2021,4,25,6
1607,2021-04-26,1,1,35,2021,4,26,7
1608,2021-04-27,1,1,33,2021,4,27,1
1609,2021-04-28,1,1,23,2021,4,28,2
1610,2021-04-29,1,1,17,2021,4,29,3
1611,2021-04-30,1,1,20,2021,4,30,4
1612,2021-05-01,1,1,29,2021,5,1,5
1613,2021-05-02,1,1,25,2021,5,2,6
1614,2021-05-03,1,1,36,2021,5,3,7
1615,2021-05-04,1,1,27,2021,5,4,1
1616,2021-05-05,1,1,22,2021,5,5,2
1617,2021-05-06,1,1,22,2021,5,6,3
1618,2021-05-07,1,1,29,2021,5,7,4
1619,2021-05-08,1,1,26,2021,5,8,5
1620,2021-05-09,1,1,16,2021,5,9,6
1621,2021-05-10,1,1,41,2021,5,10,7
1622,2021-05-11,1,1,28,2021,5,11,1
1623,2021-05-12,1,1,23,2021,5,12,2
1624,2021-05-13,1,1,26,2021,5,13,3
1625,2021-05-14,1,1,32,2021,5,14,4
1626,2021-05-15,1,1,30,2021,5,15,5
1627,2021-05-16,1,1,26,2021,5,16,6
1628,2021-05-17,1,1,31,2021,5,17,7
1629,2021-05-18,1,1,38,2021,5,18,1
1630,2021-05-19,1,1,30,2021,5,19,2
1631,2021-05-20,1,1,22,2021,5,20,3
1632,2021-05-21,1,1,26,2021,5,21,4
1633,2021-05-22,1,1,24,2021,5,22,5
1634,2021-05-23,1,1,26,2021,5,23,6
1635,2021-05-24,1,1,30,2021,5,24,7
1636,2021-05-25,1,1,26,2021,5,25,1
1637,2021-05-26,1,1,21,2021,5,26,2
1638,2021-05-27,1,1,32,2021,5,27,3
1639,2021-05-28,1,1,50,2021,5,28,4
1640,2021-05-29,1,1,28,2021,5,29,5
1641,2021-05-30,1,1,28,2021,5,30,6
1642,2021-05-31,1,1,31,2021,5,31,7
1643,2021-06-01,1,1,38,2021,6,1,1
1644,2021-06-02,1,1,18,2021,6,2,2
1645,2021-06-03,1,1,23,2021,6,3,3
1646,2021-06-04,1,1,23,2021,6,4,4
1647,2021-06-05,1,1,31,2021,6,5,5
1648,2021-06-06,1,1,32,2021,6,6,6
1649,2021-06-07,1,1,27,2021,6,7,7
1650,2021-06-08,1,1,32,2021,6,8,1
1651,2021-06-09,1,1,16,2021,6,9,2
1652,2021-06-10,1,1,23,2021,6,10,3
1653,2021-06-11,1,1,29,2021,6,11,4
1654,2021-06-12,1,1,22,2021,6,12,5
1655,2021-06-13,1,1,38,2021,6,13,6
1656,2021-06-14,1,1,40,2021,6,14,7
1657,2021-06-15,1,1,36,2021,6,15,1
1658,2021-06-16,1,1,20,2021,6,16,2
1659,2021-06-17,1,1,26,2021,6,17,3
1660,2021-06-18,1,1,24,2021,6,18,4
1661,2021-06-19,1,1,37,2021,6,19,5
1662,2021-06-20,1,1,27,2021,6,20,6
1663,2021-06-21,1,1,35,2021,6,21,7
1664,2021-06-22,1,1,32,2021,6,22,1
1665,2021-06-23,1,1,27,2021,6,23,2
1666,2021-06-24,1,1,20,2021,6,24,3
1667,2021-06-25,1,1,28,2021,6,25,4
1668,2021-06-26,1,1,35,2021,6,26,5
1669,2021-06-27,1,1,25,2021,6,27,6
1670,2021-06-28,1,1,30,2021,6,28,7
1671,2021-06-29,1,1,26,2021,6,29,1
1672,2021-06-30,1,1,22,2021,6,30,2
1673,2021-07-01,1,1,18,2021,7,1,3
1674,2021-07-02,1,1,19,2021,7,2,4
1675,2021-07-03,1,1,25,2021,7,3,5
1676,2021-07-04,1,1,26,2021,7,4,6
1677,2021-07-05,1,1,35,2021,7,5,7
1678,2021-07-06,1,1,29,2021,7,6,1
1679,2021-07-07,1,1,20,2021,7,7,2
1680,2021-07-08,1,1,28,2021,7,8,3
1681,2021-07-09,1,1,28,2021,7,9,4
1682,2021-07-10,1,1,31,2021,7,10,5
1683,2021-07-11,1,1,25,2021,7,11,6
1684,2021-07-12,1,1,32,2021,7,12,7
1685,2021-07-13,1,1,32,2021,7,13,1
1686,2021-07-14,1,1,26,2021,7,14,2
1687,2021-07-15,1,1,18,2021,7,15,3
1688,2021-07-16,1,1,24,2021,7,16,4
1689,2021-07-17,1,1,21,2021,7,17,5
1690,2021-07-18,1,1,35,2021,7,18,6
1691,2021-07-19,1,1,29,2021,7,19,7
1692,2021-07-20,1,1,27,2021,7,20,1
1693,2021-07-21,1,1,19,2021,7,21,2
1694,2021-07-22,1,1,28,2021,7,22,3
1695,2021-07-23,1,1,26,2021,7,23,4
1696,2021-07-24,1,1,15,2021,7,24,5
1697,2021-07-25,1,1,30,2021,7,25,6
1698,2021-07-26,1,1,38,2021,7,26,7
1699,2021-07-27,1,1,26,2021,7,27,1
1700,2021-07-28,1,1,15,2021,7,28,2
1701,2021-07-29,1,1,21,2021,7,29,3
1702,2021-07-30,1,1,22,2021,7,30,4
1703,2021-07-31,1,1,26,2021,7,31,5
1704,2021-08-01,1,1,38,2021,8,1,6
1705,2021-08-02,1,1,26,2021,8,2,7
1706,2021-08-03,1,1,23,2021,8,3,1
1707,2021-08-04,1,1,12,2021,8,4,2
1708,2021-08-05,1,1,26,2021,8,5,3
1709,2021-08-06,1,1,24,2021,8,6,4
1710,2021-08-07,1,1,29,2021,8,7,5
1711,2021-08-08,1,1,28,2021,8,8,6
1712,2021-08-09,1,1,28,2021,8,9,7
1713,2021-08-10,1,1,30,2021,8,10,1
1714,2021-08-11,1,1,16,2021,8,11,2
1715,2021-08-12,1,1,20,2021,8,12,3
1716,2021-08-13,1,1,13,2021,8,13,4
1717,2021-08-14,1,1,26,2021,8,14,5
1718,2021-08-15,1,1,28,2021,8,15,6
1719,2021-08-16,1,1,27,2021,8,16,7
1720,2021-08-17,1,1,30,2021,8,17,1
1721,2021-08-18,1,1,22,2021,8,18,2
1722,2021-08-19,1,1,21,2021,8,19,3
1723,2021-08-20,1,1,20,2021,8,20,4
1724,2021-08-21,1,1,20,2021,8,21,5
1725,2021-08-22,1,1,28,2021,8,22,6
1726,2021-08-23,1,1,37,2021,8,23,7
1727,2021-08-24,1,1,24,2021,8,24,1
1728,2021-08-25,1,1,14,2021,8,25,2
1729,2021-08-26,1,1,18,2021,8,26,3
1730,2021-08-27,1,1,27,2021,8,27,4
1731,2021-08-28,1,1,23,2021,8,28,5
1732,2021-08-29,1,1,28,2021,8,29,6
1733,2021-08-30,1,1,30,2021,8,30,7
1734,2021-08-31,1,1,21,2021,8,31,1
